Position,Name + ID,Name,ID,Roster Position,Salary,Game Info,TeamAbbrev,AvgPointsPerGame
SP,Max Scherzer (11077885),Max Scherzer,11077885,P,13900,WAS@STL 08/15/2018 08:15PM ET,WAS,26.75
SP,Justin Verlander (11077886),Justin Verlander,11077886,P,12600,COL@HOU 08/15/2018 08:10PM ET,HOU,25.55
SP,Trevor Bauer (11077888),Trevor Bauer,11077888,P,12500,CLE@CIN 08/15/2018 07:10PM ET,CLE,26.14
SP,Chris Sale (11077887),Chris Sale,11077887,P,12500,BOS@PHI 08/15/2018 07:05PM ET,BOS,29.11
SP,Jacob deGrom (11077889),Jacob deGrom,11077889,P,12300,NYM@BAL 08/15/2018 07:05PM ET,NYM,25.68
SP,Gerrit Cole (11077276),Gerrit Cole,11077276,P,12200,COL@HOU 08/15/2018 08:10PM ET,HOU,25.66
SP,Stephen Strasburg (11077890),Stephen Strasburg,11077890,P,12000,WAS@STL 08/15/2018 08:15PM ET,WAS,20.2
SP,Luis Severino (11077891),Luis Severino,11077891,P,11800,TB@NYY 08/15/2018 07:05PM ET,NYY,21.58
SP,Corey Kluber (11077893),Corey Kluber,11077893,P,11500,CLE@CIN 08/15/2018 07:10PM ET,CLE,22.66
SP,Charlie Morton (11077892),Charlie Morton,11077892,P,11500,COL@HOU 08/15/2018 08:10PM ET,HOU,22.13
SP,Carlos Carrasco (11077894),Carlos Carrasco,11077894,P,11100,CLE@CIN 08/15/2018 07:10PM ET,CLE,20.71
SP,Zack Wheeler (11077277),Zack Wheeler,11077277,P,10800,NYM@BAL 08/15/2018 07:05PM ET,NYM,17.34
SP,Noah Syndergaard (11077895),Noah Syndergaard,11077895,P,10700,NYM@BAL 08/15/2018 07:05PM ET,NYM,19.03
SP,Mike Foltynewicz (11077896),Mike Foltynewicz,11077896,P,10500,MIA@ATL 08/15/2018 07:35PM ET,ATL,20.29
SP,Masahiro Tanaka (11077897),Masahiro Tanaka,11077897,P,10400,TB@NYY 08/15/2018 07:05PM ET,NYY,17.56
SP,Clayton Kershaw (11077898),Clayton Kershaw,11077898,P,10000,SF@LAD 08/15/2018 10:10PM ET,LAD,18.61
SP,Madison Bumgarner (11077900),Madison Bumgarner,11077900,P,9900,SF@LAD 08/15/2018 10:10PM ET,SF,16.93
SP,Blake Snell (11077901),Blake Snell,11077901,P,9900,TB@NYY 08/15/2018 07:05PM ET,TB,22.01
SP,David Price (11077899),David Price,11077899,P,9900,BOS@PHI 08/15/2018 07:05PM ET,BOS,17.74
SP,Aaron Nola (11077902),Aaron Nola,11077902,P,9800,BOS@PHI 08/15/2018 07:05PM ET,PHI,21.82
SP,Jack Flaherty (11077903),Jack Flaherty,11077903,P,9600,WAS@STL 08/15/2018 08:15PM ET,STL,17.33
SP,J.A. Happ (11077904),J.A. Happ,11077904,P,9500,TB@NYY 08/15/2018 07:05PM ET,NYY,18.61
SP,Sean Newcomb (11077905),Sean Newcomb,11077905,P,9400,MIA@ATL 08/15/2018 07:35PM ET,ATL,16.12
SP,Lance Lynn (11077906),Lance Lynn,11077906,P,9300,TB@NYY 08/15/2018 07:05PM ET,NYY,13.58
SP,Nathan Eovaldi (11077278),Nathan Eovaldi,11077278,P,9300,BOS@PHI 08/15/2018 07:05PM ET,BOS,14.56
SP,Mike Clevinger (11077908),Mike Clevinger,11077908,P,9200,CLE@CIN 08/15/2018 07:10PM ET,CLE,18.59
RP,Dereck Rodriguez (11077909),Dereck Rodriguez,11077909,P,9200,SF@LAD 08/15/2018 10:10PM ET,SF,17.36
SP,Rick Porcello (11077907),Rick Porcello,11077907,P,9200,BOS@PHI 08/15/2018 07:05PM ET,BOS,17.51
SP,Lance McCullers Jr. (11077910),Lance McCullers Jr.,11077910,P,8800,COL@HOU 08/15/2018 08:10PM ET,HOU,17.97
SP,Kevin Gausman (11077279),Kevin Gausman,11077279,P,8700,MIA@ATL 08/15/2018 07:35PM ET,ATL,13.15
SP,Tanner Roark (11077911),Tanner Roark,11077911,P,8700,WAS@STL 08/15/2018 08:15PM ET,WAS,14.74
SP,Eduardo Rodriguez (11077912),Eduardo Rodriguez,11077912,P,8700,BOS@PHI 08/15/2018 07:05PM ET,BOS,17.91
SP,Anibal Sanchez (11077913),Anibal Sanchez,11077913,P,8600,MIA@ATL 08/15/2018 07:35PM ET,ATL,17.23
SP,Sonny Gray (11077914),Sonny Gray,11077914,P,8500,TB@NYY 08/15/2018 07:05PM ET,NYY,10.83
SP,Zach Eflin (11077915),Zach Eflin,11077915,P,8500,BOS@PHI 08/15/2018 07:05PM ET,PHI,16.16
SP,Danny Salazar (11077917),Danny Salazar,11077917,P,8400,CLE@CIN 08/15/2018 07:10PM ET,CLE,0
SP,Tyler Anderson (11077280),Tyler Anderson,11077280,P,8400,COL@HOU 08/15/2018 08:10PM ET,COL,14.67
SP,German Marquez (11077919),German Marquez,11077919,P,8400,COL@HOU 08/15/2018 08:10PM ET,COL,15.69
SP,Andrew Heaney (11077918),Andrew Heaney,11077918,P,8400,LAA@SD 08/15/2018 09:10PM ET,LAA,17.24
SP,Jake Arrieta (11077916),Jake Arrieta,11077916,P,8400,BOS@PHI 08/15/2018 07:05PM ET,PHI,14.15
SP,Shane Bieber (11077281),Shane Bieber,11077281,P,8300,CLE@CIN 08/15/2018 07:10PM ET,CLE,16.9
RP,Tyler Glasnow (11077920),Tyler Glasnow,11077920,P,8300,TB@NYY 08/15/2018 07:05PM ET,TB,6.12
SP,Dallas Keuchel (11077922),Dallas Keuchel,11077922,P,8200,COL@HOU 08/15/2018 08:10PM ET,HOU,15.31
SP,Tyler Skaggs (11077921),Tyler Skaggs,11077921,P,8200,LAA@SD 08/15/2018 09:10PM ET,LAA,16.59
SP,Alex Wood (11077923),Alex Wood,11077923,P,8200,SF@LAD 08/15/2018 10:10PM ET,LAD,15.1
SP,Jordan Montgomery (11077924),Jordan Montgomery,11077924,P,8200,TB@NYY 08/15/2018 07:05PM ET,NYY,11.88
SP,Michael Wacha (11077926),Michael Wacha,11077926,P,8100,WAS@STL 08/15/2018 08:15PM ET,STL,16.01
SP,Johnny Cueto (11077925),Johnny Cueto,11077925,P,8100,SF@LAD 08/15/2018 10:10PM ET,SF,14.54
SP,Miles Mikolas (11077927),Miles Mikolas,11077927,P,8000,WAS@STL 08/15/2018 08:15PM ET,STL,16.12
SP,Carlos Martinez (11077928),Carlos Martinez,11077928,P,7900,WAS@STL 08/15/2018 08:15PM ET,STL,14.76
SP,Danny Duffy (11077929),Danny Duffy,11077929,P,7800,TOR@KC 08/15/2018 08:15PM ET,KC,12.84
SP,Jonathan Loaisiga (11077930),Jonathan Loaisiga,11077930,P,7800,TB@NYY 08/15/2018 07:05PM ET,NYY,16.18
SP,Jon Gray (11077932),Jon Gray,11077932,P,7700,COL@HOU 08/15/2018 08:10PM ET,COL,17.27
RP,Walker Buehler (11077933),Walker Buehler,11077933,P,7700,SF@LAD 08/15/2018 10:10PM ET,LAD,17.27
SP,CC Sabathia (11077931),CC Sabathia,11077931,P,7700,TB@NYY 08/15/2018 07:05PM ET,NYY,14.7
SP,Julio Teheran (11077934),Julio Teheran,11077934,P,7600,MIA@ATL 08/15/2018 07:35PM ET,ATL,14.35
SP,Luis Castillo (11077935),Luis Castillo,11077935,P,7600,CLE@CIN 08/15/2018 07:10PM ET,CIN,12.71
SP,Derek Holland (11077282),Derek Holland,11077282,P,7600,SF@LAD 08/15/2018 10:10PM ET,SF,12.86
SP,Nick Pivetta (11077936),Nick Pivetta,11077936,P,7600,BOS@PHI 08/15/2018 07:05PM ET,PHI,15.71
SP,Garrett Richards (11077937),Garrett Richards,11077937,P,7500,LAA@SD 08/15/2018 09:10PM ET,LAA,15.27
SP,Hyun-Jin Ryu (11077283),Hyun-Jin Ryu,11077283,P,7500,SF@LAD 08/15/2018 10:10PM ET,LAD,17.22
SP,Brian Johnson (11077938),Brian Johnson,11077938,P,7500,BOS@PHI 08/15/2018 07:05PM ET,BOS,6.39
SP,Hector Velazquez (11077939),Hector Velazquez,11077939,P,7500,BOS@PHI 08/15/2018 07:05PM ET,BOS,4.27
SP,Kyle Freeland (11077940),Kyle Freeland,11077940,P,7400,COL@HOU 08/15/2018 08:10PM ET,COL,16.6
SP,Jaime Barria (11077941),Jaime Barria,11077941,P,7300,LAA@SD 08/15/2018 09:10PM ET,LAA,12.74
SP,Dinelson Lamet (11077942),Dinelson Lamet,11077942,P,7300,LAA@SD 08/15/2018 09:10PM ET,SD,0
SP,Enyel De Los Santos (11077943),Enyel De Los Santos,11077943,P,7300,BOS@PHI 08/15/2018 07:05PM ET,PHI,6.8
SP,Tyson Ross (11077945),Tyson Ross,11077945,P,7200,WAS@STL 08/15/2018 08:15PM ET,STL,11.88
SP,Rich Hill (11077944),Rich Hill,11077944,P,7200,SF@LAD 08/15/2018 10:10PM ET,LAD,15.12
RP,Ross Stripling (11077947),Ross Stripling,11077947,P,7200,SF@LAD 08/15/2018 10:10PM ET,LAD,12.34
RP,Domingo German (11077946),Domingo German,11077946,P,7200,TB@NYY 08/15/2018 07:05PM ET,NYY,11.13
SP,Trevor Richards (11077950),Trevor Richards,11077950,P,7100,MIA@ATL 08/15/2018 07:35PM ET,MIA,13.31
SP,Luke Weaver (11077948),Luke Weaver,11077948,P,7100,WAS@STL 08/15/2018 08:15PM ET,STL,10.76
SP,Marco Estrada (11077284),Marco Estrada,11077284,P,7100,TOR@KC 08/15/2018 08:15PM ET,TOR,11.14
SP,Ranger Suarez (11077949),Ranger Suarez,11077949,P,7100,BOS@PHI 08/15/2018 07:05PM ET,PHI,9.05
RP,Max Fried (11077954),Max Fried,11077954,P,7000,MIA@ATL 08/15/2018 07:35PM ET,ATL,9.59
RP,Collin McHugh (11077952),Collin McHugh,11077952,P,7000,COL@HOU 08/15/2018 08:10PM ET,HOU,6.15
SP,Austin Gomber (11077285),Austin Gomber,11077285,P,7000,WAS@STL 08/15/2018 08:15PM ET,STL,4
SP,Marcus Stroman (11077953),Marcus Stroman,11077953,P,7000,TOR@KC 08/15/2018 08:15PM ET,TOR,11.22
SP,Kenta Maeda (11077951),Kenta Maeda,11077951,P,7000,SF@LAD 08/15/2018 10:10PM ET,LAD,15.48
SP,Caleb Smith (11077960),Caleb Smith,11077960,P,6900,MIA@ATL 08/15/2018 07:35PM ET,MIA,14.91
SP,Mike Soroka (11077961),Mike Soroka,11077961,P,6900,MIA@ATL 08/15/2018 07:35PM ET,ATL,13.11
SP,Gio Gonzalez (11077955),Gio Gonzalez,11077955,P,6900,WAS@STL 08/15/2018 08:15PM ET,WAS,13.58
SP,Steven Matz (11077957),Steven Matz,11077957,P,6900,NYM@BAL 08/15/2018 07:05PM ET,NYM,12.62
SP,Jaime Garcia (11077956),Jaime Garcia,11077956,P,6900,TOR@KC 08/15/2018 08:15PM ET,TOR,6.32
RP,Sam Gaviglio (11077958),Sam Gaviglio,11077958,P,6900,TOR@KC 08/15/2018 08:15PM ET,TOR,10.79
SP,Ryan Yarbrough (11077959),Ryan Yarbrough,11077959,P,6900,TB@NYY 08/15/2018 07:05PM ET,TB,10.04
SP,Vince Velasquez (11077286),Vince Velasquez,11077286,P,6900,BOS@PHI 08/15/2018 07:05PM ET,PHI,15.91
SP,Touki Toussaint (11077962),Touki Toussaint,11077962,P,6800,MIA@ATL 08/15/2018 07:35PM ET,ATL,20.5
SP,Adam Wainwright (11077963),Adam Wainwright,11077963,P,6800,WAS@STL 08/15/2018 08:15PM ET,STL,9.38
SP,Tommy Milone (11077964),Tommy Milone,11077964,P,6800,WAS@STL 08/15/2018 08:15PM ET,WAS,12.11
SP,Matt Shoemaker (11077965),Matt Shoemaker,11077965,P,6800,LAA@SD 08/15/2018 09:10PM ET,LAA,13.95
SP,Alex Reyes (11077967),Alex Reyes,11077967,P,6700,WAS@STL 08/15/2018 08:15PM ET,STL,9.4
SP,Ryan Borucki (11077966),Ryan Borucki,11077966,P,6700,TOR@KC 08/15/2018 08:15PM ET,TOR,13.8
SP,Dan Straily (11077968),Dan Straily,11077968,P,6600,MIA@ATL 08/15/2018 07:35PM ET,MIA,10.66
SP,Antonio Senzatela (11077969),Antonio Senzatela,11077969,P,6600,COL@HOU 08/15/2018 08:10PM ET,COL,7.26
SP,Felix Pena (11077287),Felix Pena,11077287,P,6600,LAA@SD 08/15/2018 09:10PM ET,LAA,8.77
SP,Joey Lucchesi (11077970),Joey Lucchesi,11077970,P,6600,LAA@SD 08/15/2018 09:10PM ET,SD,15.21
SP,Pablo Lopez (11077972),Pablo Lopez,11077972,P,6500,MIA@ATL 08/15/2018 07:35PM ET,MIA,10.5
SP,Jeremy Hellickson (11077288),Jeremy Hellickson,11077288,P,6500,WAS@STL 08/15/2018 08:15PM ET,WAS,12.28
SP,Dylan Bundy (11077971),Dylan Bundy,11077971,P,6500,NYM@BAL 08/15/2018 07:05PM ET,BAL,15.64
SP,Luiz Gohara (11077974),Luiz Gohara,11077974,P,6400,MIA@ATL 08/15/2018 07:35PM ET,ATL,4.43
SP,Jerad Eickhoff (11077973),Jerad Eickhoff,11077973,P,6400,BOS@PHI 08/15/2018 07:05PM ET,PHI,0
SP,Brandon McCarthy (11077975),Brandon McCarthy,11077975,P,6300,MIA@ATL 08/15/2018 07:35PM ET,ATL,11.73
SP,Kolby Allard (11077978),Kolby Allard,11077978,P,6300,MIA@ATL 08/15/2018 07:35PM ET,ATL,-1.82
SP,Nate Karns (11077976),Nate Karns,11077976,P,6300,TOR@KC 08/15/2018 08:15PM ET,KC,0
SP,Andrew Suarez (11077977),Andrew Suarez,11077977,P,6300,SF@LAD 08/15/2018 10:10PM ET,SF,12.71
SP,Aaron Sanchez (11077981),Aaron Sanchez,11077981,P,6200,TOR@KC 08/15/2018 08:15PM ET,TOR,11.31
RP,Nick Tropeano (11077982),Nick Tropeano,11077982,P,6200,LAA@SD 08/15/2018 09:10PM ET,LAA,12.74
SP,Luis Cessa (11077289),Luis Cessa,11077289,P,6200,TB@NYY 08/15/2018 07:05PM ET,NYY,6.18
SP,Steven Wright (11077979),Steven Wright,11077979,P,6200,BOS@PHI 08/15/2018 07:05PM ET,BOS,9.94
SP,Drew Pomeranz (11077980),Drew Pomeranz,11077980,P,6200,BOS@PHI 08/15/2018 07:05PM ET,BOS,6.88
SP,Anthony DeSclafani (11077985),Anthony DeSclafani,11077985,P,6100,CLE@CIN 08/15/2018 07:10PM ET,CIN,14.73
SP,Adam Plutko (11077986),Adam Plutko,11077986,P,6100,CLE@CIN 08/15/2018 07:10PM ET,CLE,10.28
SP,John Gant (11077988),John Gant,11077988,P,6100,WAS@STL 08/15/2018 08:15PM ET,STL,10.49
SP,Ian Kennedy (11077983),Ian Kennedy,11077983,P,6100,TOR@KC 08/15/2018 08:15PM ET,KC,11.16
SP,Alex Meyer (11077984),Alex Meyer,11077984,P,6100,LAA@SD 08/15/2018 09:10PM ET,LAA,0
SP,Jake Faria (11077987),Jake Faria,11077987,P,6100,TB@NYY 08/15/2018 07:05PM ET,TB,10
OF,Mookie Betts (11077296),Mookie Betts,11077296,OF,6100,BOS@PHI 08/15/2018 07:05PM ET,BOS,12.63
SP,Jose Urena (11077290),Jose Urena,11077290,P,6000,MIA@ATL 08/15/2018 07:35PM ET,MIA,11.22
3B,Jose Ramirez (11077297),Jose Ramirez,11077297,3B,6000,CLE@CIN 08/15/2018 07:10PM ET,CLE,11.59
SP,Tyler Mahle (11077992),Tyler Mahle,11077992,P,6000,CLE@CIN 08/15/2018 07:10PM ET,CIN,11.28
SP,Andrew Cashner (11077989),Andrew Cashner,11077989,P,6000,NYM@BAL 08/15/2018 07:05PM ET,BAL,9.51
RP,Seth Lugo (11077990),Seth Lugo,11077990,P,6000,NYM@BAL 08/15/2018 07:05PM ET,NYM,5.88
SP,Jakob Junis (11077991),Jakob Junis,11077991,P,6000,TOR@KC 08/15/2018 08:15PM ET,KC,14.11
SS,Francisco Lindor (11077298),Francisco Lindor,11077298,SS,5900,CLE@CIN 08/15/2018 07:10PM ET,CLE,10.96
SP,Rogelio Armenteros (11077995),Rogelio Armenteros,11077995,P,5900,COL@HOU 08/15/2018 08:10PM ET,HOU,0
SP,Erick Fedde (11077993),Erick Fedde,11077993,P,5900,WAS@STL 08/15/2018 08:15PM ET,WAS,6.9
SP,Caleb Ferguson (11077994),Caleb Ferguson,11077994,P,5900,SF@LAD 08/15/2018 10:10PM ET,LAD,8.2
RP,Brad Peacock (11077996),Brad Peacock,11077996,P,5800,COL@HOU 08/15/2018 08:10PM ET,HOU,4.54
OF,Mike Trout (11077299),Mike Trout,11077299,OF,5800,LAA@SD 08/15/2018 09:10PM ET,LAA,11.13
SP,Cal Quantrill (11077999),Cal Quantrill,11077999,P,5800,LAA@SD 08/15/2018 09:10PM ET,SD,0
SP,Chris Stratton (11077997),Chris Stratton,11077997,P,5800,SF@LAD 08/15/2018 10:10PM ET,SF,9.89
SP,Jose De Leon (11077998),Jose De Leon,11077998,P,5800,TB@NYY 08/15/2018 07:05PM ET,TB,0
OF,J.D. Martinez (11077300),J.D. Martinez,11077300,OF,5800,BOS@PHI 08/15/2018 07:05PM ET,BOS,11.25
OF,Ronald Acuna Jr. (11077302),Ronald Acuna Jr.,11077302,OF,5700,MIA@ATL 08/15/2018 07:35PM ET,ATL,9.65
SP,Joe Ross (11078000),Joe Ross,11078000,P,5700,WAS@STL 08/15/2018 08:15PM ET,WAS,0
SP,Jacob Nix (11078001),Jacob Nix,11078001,P,5700,LAA@SD 08/15/2018 09:10PM ET,SD,21.9
SP,Scott Kazmir (11078002),Scott Kazmir,11078002,P,5600,MIA@ATL 08/15/2018 07:35PM ET,ATL,0
1B/3B,Matt Carpenter (11077303),Matt Carpenter,11077303,1B/3B,5600,WAS@STL 08/15/2018 08:15PM ET,STL,9.68
RP,Corey Oswalt (11078004),Corey Oswalt,11078004,P,5600,NYM@BAL 08/15/2018 07:05PM ET,NYM,9.19
SP,A.J. Cole (11078003),A.J. Cole,11078003,P,5600,TB@NYY 08/15/2018 07:05PM ET,NYY,5.42
OF,Andrew Benintendi (11077301),Andrew Benintendi,11077301,OF,5600,BOS@PHI 08/15/2018 07:05PM ET,BOS,9.99
SP,Wei-Yin Chen (11078005),Wei-Yin Chen,11078005,P,5500,MIA@ATL 08/15/2018 07:35PM ET,MIA,9.03
OF,Michael Brantley (11077306),Michael Brantley,11077306,OF,5500,CLE@CIN 08/15/2018 07:10PM ET,CLE,8.67
SP,Anthony Banda (11078006),Anthony Banda,11078006,P,5500,TB@NYY 08/15/2018 07:05PM ET,TB,12
SP,Amir Garrett (11078008),Amir Garrett,11078008,P,5400,CLE@CIN 08/15/2018 07:10PM ET,CIN,2.89
SP,Lucas Sims (11078009),Lucas Sims,11078009,P,5400,CLE@CIN 08/15/2018 07:10PM ET,CIN,2.11
OF,Brandon Nimmo (11077305),Brandon Nimmo,11077305,OF,5400,NYM@BAL 08/15/2018 07:05PM ET,NYM,7.36
RP,JC Ramirez (11078007),JC Ramirez,11078007,P,5400,LAA@SD 08/15/2018 09:10PM ET,LAA,0.3
SP,Ty Blach (11078010),Ty Blach,11078010,P,5400,SF@LAD 08/15/2018 10:10PM ET,SF,4.62
RP,Domingo Acevedo (11078011),Domingo Acevedo,11078011,P,5400,TB@NYY 08/15/2018 07:05PM ET,NYY,0
SP,Chris Flexen (11078013),Chris Flexen,11078013,P,5300,NYM@BAL 08/15/2018 07:05PM ET,NYM,-2.59
RP,Heath Fillmyer (11078014),Heath Fillmyer,11078014,P,5300,TOR@KC 08/15/2018 08:15PM ET,KC,8.29
SP,Walker Lockett (11078012),Walker Lockett,11078012,P,5300,LAA@SD 08/15/2018 09:10PM ET,SD,1.64
SP,Yonny Chirinos (11077291),Yonny Chirinos,11077291,P,5300,TB@NYY 08/15/2018 07:05PM ET,TB,12.16
OF,Giancarlo Stanton (11077308),Giancarlo Stanton,11077308,OF,5300,TB@NYY 08/15/2018 07:05PM ET,NYY,9.17
OF,Nick Markakis (11077307),Nick Markakis,11077307,OF,5200,MIA@ATL 08/15/2018 07:35PM ET,ATL,8.77
SP,Robert Stephenson (11077292),Robert Stephenson,11077292,P,5200,CLE@CIN 08/15/2018 07:10PM ET,CIN,6.2
RP,David Paulino (11078018),David Paulino,11078018,P,5200,COL@HOU 08/15/2018 08:10PM ET,HOU,0
SP,Jason Vargas (11078016),Jason Vargas,11078016,P,5200,NYM@BAL 08/15/2018 07:05PM ET,NYM,4.54
RP,Paul Sewald (11078019),Paul Sewald,11078019,P,5200,NYM@BAL 08/15/2018 07:05PM ET,NYM,3.47
SP,Ricky Nolasco (11078015),Ricky Nolasco,11078015,P,5200,TOR@KC 08/15/2018 08:15PM ET,KC,0
RP,Wilmer Font (11078017),Wilmer Font,11078017,P,5200,TB@NYY 08/15/2018 07:05PM ET,TB,4.38
SP,Jaime Schultz (11078020),Jaime Schultz,11078020,P,5200,TB@NYY 08/15/2018 07:05PM ET,TB,4.99
SP,Brent Honeywell (11078021),Brent Honeywell,11078021,P,5200,TB@NYY 08/15/2018 07:05PM ET,TB,0
1B,Freddie Freeman (11077309),Freddie Freeman,11077309,1B,5100,MIA@ATL 08/15/2018 07:35PM ET,ATL,9.42
RP,Merandy Gonzalez (11078027),Merandy Gonzalez,11078027,P,5100,MIA@ATL 08/15/2018 07:35PM ET,MIA,5.51
SP,Brandon Finnegan (11078025),Brandon Finnegan,11078025,P,5100,CLE@CIN 08/15/2018 07:10PM ET,CIN,3.06
OF,Bryce Harper (11077311),Bryce Harper,11077311,OF,5100,WAS@STL 08/15/2018 08:15PM ET,WAS,9.15
RP,Daniel Poncedeleon (11078024),Daniel Poncedeleon,11078024,P,5100,WAS@STL 08/15/2018 08:15PM ET,STL,9.3
SP,David Hess (11077293),David Hess,11077293,P,5100,NYM@BAL 08/15/2018 07:05PM ET,BAL,5.92
SP,Marcos Molina (11078026),Marcos Molina,11078026,P,5100,NYM@BAL 08/15/2018 07:05PM ET,NYM,0
SP,Jason Hammel (11078022),Jason Hammel,11078022,P,5100,TOR@KC 08/15/2018 08:15PM ET,KC,5.43
SP,Ben Lively (11078023),Ben Lively,11078023,P,5100,BOS@PHI 08/15/2018 07:05PM ET,PHI,5.51
RP,Grant Dayton (11078031),Grant Dayton,11078031,P,5000,MIA@ATL 08/15/2018 07:35PM ET,ATL,0
SP,Aaron Blair (11078032),Aaron Blair,11078032,P,5000,MIA@ATL 08/15/2018 07:35PM ET,ATL,0
RP,Jarlin Garcia (11078033),Jarlin Garcia,11078033,P,5000,MIA@ATL 08/15/2018 07:35PM ET,MIA,6.57
SP,Dillon Peters (11078034),Dillon Peters,11078034,P,5000,MIA@ATL 08/15/2018 07:35PM ET,MIA,4.32
SP,Josh Tomlin (11078029),Josh Tomlin,11078029,P,5000,CLE@CIN 08/15/2018 07:10PM ET,CLE,2.12
SP,Matt Harvey (11078030),Matt Harvey,11078030,P,5000,CLE@CIN 08/15/2018 07:10PM ET,CIN,9.11
SP,Sal Romano (11078035),Sal Romano,11078035,P,5000,CLE@CIN 08/15/2018 07:10PM ET,CIN,9.95
OF,Juan Soto (11077313),Juan Soto,11077313,OF,5000,WAS@STL 08/15/2018 08:15PM ET,WAS,9.2
RP,Thomas Pannone (11078036),Thomas Pannone,11078036,P,5000,TOR@KC 08/15/2018 08:15PM ET,TOR,3.8
SP,Phil Hughes (11078028),Phil Hughes,11078028,P,5000,LAA@SD 08/15/2018 09:10PM ET,SD,2.54
OF,Aaron Judge (11077310),Aaron Judge,11077310,OF,5000,TB@NYY 08/15/2018 07:05PM ET,NYY,9.86
SS,Xander Bogaerts (11077317),Xander Bogaerts,11077317,SS,5000,BOS@PHI 08/15/2018 07:05PM ET,BOS,8.95
SP,Justin Nicolino (11078037),Justin Nicolino,11078037,P,4900,CLE@CIN 08/15/2018 07:10PM ET,CIN,0
SP,Rookie Davis (11078039),Rookie Davis,11078039,P,4900,CLE@CIN 08/15/2018 07:10PM ET,CIN,0
SP,Matt Wisler (11078040),Matt Wisler,11078040,P,4900,CLE@CIN 08/15/2018 07:10PM ET,CIN,7.57
SP,Jeff Hoffman (11078041),Jeff Hoffman,11078041,P,4900,COL@HOU 08/15/2018 08:10PM ET,COL,-0.28
1B,Ryan Zimmerman (11077312),Ryan Zimmerman,11077312,1B,4900,WAS@STL 08/15/2018 08:15PM ET,WAS,7.39
OF,Michael Conforto (11077320),Michael Conforto,11077320,OF,4900,NYM@BAL 08/15/2018 07:05PM ET,NYM,6.94
SP,Brad Keller (11078043),Brad Keller,11078043,P,4900,TOR@KC 08/15/2018 08:15PM ET,KC,6.21
SP,Robbie Erlin (11077294),Robbie Erlin,11077294,P,4900,LAA@SD 08/15/2018 09:10PM ET,SD,5.98
RP,Parker Bridwell (11078038),Parker Bridwell,11078038,P,4900,LAA@SD 08/15/2018 09:10PM ET,LAA,-12.45
SP,Julio Urias (11078042),Julio Urias,11078042,P,4900,SF@LAD 08/15/2018 10:10PM ET,LAD,0
SS,Didi Gregorius (11077315),Didi Gregorius,11077315,SS,4900,TB@NYY 08/15/2018 07:05PM ET,NYY,8.76
2B,Ozzie Albies (11077321),Ozzie Albies,11077321,2B,4800,MIA@ATL 08/15/2018 07:35PM ET,ATL,9.13
OF,George Springer (11077316),George Springer,11077316,OF,4800,COL@HOU 08/15/2018 08:10PM ET,HOU,8.27
3B/SS,Alex Bregman (11077324),Alex Bregman,11077324,3B/SS,4800,COL@HOU 08/15/2018 08:10PM ET,HOU,9.47
SP,Ryan Helsley (11078047),Ryan Helsley,11078047,P,4800,WAS@STL 08/15/2018 08:15PM ET,STL,0
RP,Hunter Harvey (11078046),Hunter Harvey,11078046,P,4800,NYM@BAL 08/15/2018 07:05PM ET,BAL,0
SP,Eric Skoglund (11078045),Eric Skoglund,11078045,P,4800,TOR@KC 08/15/2018 08:15PM ET,KC,8.37
OF,Justin Upton (11077314),Justin Upton,11077314,OF,4800,LAA@SD 08/15/2018 09:10PM ET,LAA,8.32
OF,Travis Jankowski (11077318),Travis Jankowski,11077318,OF,4800,LAA@SD 08/15/2018 09:10PM ET,SD,5.95
OF,Mallex Smith (11077319),Mallex Smith,11077319,OF,4800,TB@NYY 08/15/2018 07:05PM ET,TB,6.88
RP,Ryne Stanek (11078044),Ryne Stanek,11078044,P,4800,TB@NYY 08/15/2018 07:05PM ET,TB,4.63
SP,Chance Adams (11078048),Chance Adams,11078048,P,4800,TB@NYY 08/15/2018 07:05PM ET,NYY,6.85
SP,Forrest Whitley (11078050),Forrest Whitley,11078050,P,4700,COL@HOU 08/15/2018 08:10PM ET,HOU,0
SS,Trea Turner (11077339),Trea Turner,11077339,SS,4700,WAS@STL 08/15/2018 08:15PM ET,WAS,8.84
SP,Burch Smith (11077295),Burch Smith,11077295,P,4700,TOR@KC 08/15/2018 08:15PM ET,KC,3.48
OF,Shohei Ohtani (11077326),Shohei Ohtani,11077326,OF,4700,LAA@SD 08/15/2018 09:10PM ET,LAA,2.44
SP,Brett Kennedy (11078049),Brett Kennedy,11078049,P,4700,LAA@SD 08/15/2018 09:10PM ET,SD,-3.6
1B/3B,Max Muncy (11077328),Max Muncy,11077328,1B/3B,4700,SF@LAD 08/15/2018 10:10PM ET,LAD,8.09
OF,Aaron Hicks (11077322),Aaron Hicks,11077322,OF,4700,TB@NYY 08/15/2018 07:05PM ET,NYY,8.62
3B,Miguel Andujar (11077323),Miguel Andujar,11077323,3B,4700,TB@NYY 08/15/2018 07:05PM ET,NYY,7.86
SP,Sandy Alcantara (11078056),Sandy Alcantara,11078056,P,4600,MIA@ATL 08/15/2018 07:35PM ET,MIA,12.45
1B,Edwin Encarnacion (11077327),Edwin Encarnacion,11077327,1B,4600,CLE@CIN 08/15/2018 07:10PM ET,CLE,8.22
3B,Eugenio Suarez (11077332),Eugenio Suarez,11077332,3B,4600,CLE@CIN 08/15/2018 07:10PM ET,CIN,9.74
SP,Cody Reed (11078054),Cody Reed,11078054,P,4600,CLE@CIN 08/15/2018 07:10PM ET,CIN,3.86
SS,Carlos Correa (11077355),Carlos Correa,11077355,SS,4600,COL@HOU 08/15/2018 08:10PM ET,HOU,8.3
SP,A.J. Griffin (11078052),A.J. Griffin,11078052,P,4600,NYM@BAL 08/15/2018 07:05PM ET,NYM,0
RP,Luis Santos (11078053),Luis Santos,11078053,P,4600,TOR@KC 08/15/2018 08:15PM ET,TOR,3.66
SP,John Lamb (11078051),John Lamb,11078051,P,4600,LAA@SD 08/15/2018 09:10PM ET,LAA,5.7
1B/OF,Cody Bellinger (11077333),Cody Bellinger,11077333,1B/OF,4600,SF@LAD 08/15/2018 10:10PM ET,LAD,7.73
SP,Justus Sheffield (11078057),Justus Sheffield,11078057,P,4600,TB@NYY 08/15/2018 07:05PM ET,NYY,0
RP,Mark Leiter Jr. (11078055),Mark Leiter Jr.,11078055,P,4600,BOS@PHI 08/15/2018 07:05PM ET,PHI,2.44
SP,Adam Conley (11078061),Adam Conley,11078061,P,4500,MIA@ATL 08/15/2018 07:35PM ET,MIA,3.28
2B,Jose Altuve (11077331),Jose Altuve,11077331,2B,4500,COL@HOU 08/15/2018 08:10PM ET,HOU,8.64
SP,Chad Bettis (11078058),Chad Bettis,11078058,P,4500,COL@HOU 08/15/2018 08:10PM ET,COL,9.94
3B,Anthony Rendon (11077337),Anthony Rendon,11077337,3B,4500,WAS@STL 08/15/2018 08:15PM ET,WAS,8.46
SS,Paul DeJong (11077353),Paul DeJong,11077353,SS,4500,WAS@STL 08/15/2018 08:15PM ET,STL,7.58
RP,Robert Gsellman (11078062),Robert Gsellman,11078062,P,4500,NYM@BAL 08/15/2018 07:05PM ET,NYM,3.39
SP,Josh Staumont (11078065),Josh Staumont,11078065,P,4500,TOR@KC 08/15/2018 08:15PM ET,KC,0
SP,Joan Gregorio (11078059),Joan Gregorio,11078059,P,4500,SF@LAD 08/15/2018 10:10PM ET,SF,0
SP,Brock Stewart (11078060),Brock Stewart,11078060,P,4500,SF@LAD 08/15/2018 10:10PM ET,LAD,2.59
SP,Yadier Alvarez (11078066),Yadier Alvarez,11078066,P,4500,SF@LAD 08/15/2018 10:10PM ET,LAD,0
OF,Brett Gardner (11077330),Brett Gardner,11077330,OF,4500,TB@NYY 08/15/2018 07:05PM ET,NYY,7.74
SP,Jalen Beeks (11078064),Jalen Beeks,11078064,P,4500,TB@NYY 08/15/2018 07:05PM ET,TB,2.53
SP,Jake Thompson (11078063),Jake Thompson,11078063,P,4500,BOS@PHI 08/15/2018 07:05PM ET,PHI,3.97
1B,Yonder Alonso (11077347),Yonder Alonso,11077347,1B,4400,CLE@CIN 08/15/2018 07:10PM ET,CLE,7.16
OF,Charlie Blackmon (11077340),Charlie Blackmon,11077340,OF,4400,COL@HOU 08/15/2018 08:10PM ET,COL,8.78
3B,Nolan Arenado (11077354),Nolan Arenado,11077354,3B,4400,COL@HOU 08/15/2018 08:10PM ET,COL,9.76
SP,Mike Wright Jr. (11078071),Mike Wright Jr.,11078071,P,4400,NYM@BAL 08/15/2018 07:05PM ET,BAL,3.55
RP,Rafael Montero (11078072),Rafael Montero,11078072,P,4400,NYM@BAL 08/15/2018 07:05PM ET,NYM,0
OF,Teoscar Hernandez (11077338),Teoscar Hernandez,11077338,OF,4400,TOR@KC 08/15/2018 08:15PM ET,TOR,7.76
RP,Mike Hauschild (11078074),Mike Hauschild,11078074,P,4400,TOR@KC 08/15/2018 08:15PM ET,TOR,8.48
SP,Sean Reid-Foley (11078076),Sean Reid-Foley,11078076,P,4400,TOR@KC 08/15/2018 08:15PM ET,TOR,5.85
SP,Clayton Richard (11078067),Clayton Richard,11078067,P,4400,LAA@SD 08/15/2018 09:10PM ET,SD,10.7
RP,Deck McGuire (11078070),Deck McGuire,11078070,P,4400,LAA@SD 08/15/2018 09:10PM ET,LAA,2.68
RP,Matt Strahm (11078075),Matt Strahm,11078075,P,4400,LAA@SD 08/15/2018 09:10PM ET,SD,5.68
C,Yasmani Grandal (11077336),Yasmani Grandal,11077336,C,4400,SF@LAD 08/15/2018 10:10PM ET,LAD,7.57
SP,Jeff Samardzija (11078068),Jeff Samardzija,11078068,P,4400,SF@LAD 08/15/2018 10:10PM ET,SF,5.75
SP,Tom Koehler (11078069),Tom Koehler,11078069,P,4400,SF@LAD 08/15/2018 10:10PM ET,LAD,0
SP,Tyler Beede (11078073),Tyler Beede,11078073,P,4400,SF@LAD 08/15/2018 10:10PM ET,SF,5.22
2B,Ian Kinsler (11077335),Ian Kinsler,11077335,2B,4400,BOS@PHI 08/15/2018 07:05PM ET,BOS,7.42
2B/SS,Asdrubal Cabrera (11077341),Asdrubal Cabrera,11077341,2B/SS,4400,BOS@PHI 08/15/2018 07:05PM ET,PHI,7.58
SP,Sixto Sanchez (11078077),Sixto Sanchez,11078077,P,4400,BOS@PHI 08/15/2018 07:05PM ET,PHI,0
C,J.T. Realmuto (11077370),J.T. Realmuto,11077370,C,4300,MIA@ATL 08/15/2018 07:35PM ET,MIA,8.4
3B/SS,Johan Camargo (11077372),Johan Camargo,11077372,3B/SS,4300,MIA@ATL 08/15/2018 07:35PM ET,ATL,7.01
SP,Jeff Locke (11078078),Jeff Locke,11078078,P,4300,MIA@ATL 08/15/2018 07:35PM ET,MIA,0
RP,Dan Winkler (11078080),Dan Winkler,11078080,P,4300,MIA@ATL 08/15/2018 07:35PM ET,ATL,3.37
RP,Shawn Morimando (11078081),Shawn Morimando,11078081,P,4300,CLE@CIN 08/15/2018 07:10PM ET,CLE,0
SP,Tim Cooney (11078082),Tim Cooney,11078082,P,4300,CLE@CIN 08/15/2018 07:10PM ET,CLE,0
RP,Jackson Stephens (11078083),Jackson Stephens,11078083,P,4300,CLE@CIN 08/15/2018 07:10PM ET,CIN,3.17
1B,Justin Smoak (11077348),Justin Smoak,11077348,1B,4300,TOR@KC 08/15/2018 08:15PM ET,TOR,7.68
OF,Randal Grichuk (11077349),Randal Grichuk,11077349,OF,4300,TOR@KC 08/15/2018 08:15PM ET,TOR,6.86
OF,Wil Myers (11077350),Wil Myers,11077350,OF,4300,LAA@SD 08/15/2018 09:10PM ET,SD,8.58
SP,Bryan Mitchell (11078079),Bryan Mitchell,11078079,P,4300,LAA@SD 08/15/2018 09:10PM ET,SD,1.56
SP,Kyle Lloyd (11078087),Kyle Lloyd,11078087,P,4300,LAA@SD 08/15/2018 09:10PM ET,SD,0
1B,Brandon Belt (11077345),Brandon Belt,11077345,1B,4300,SF@LAD 08/15/2018 10:10PM ET,SF,7.95
2B,Brian Dozier (11077351),Brian Dozier,11077351,2B,4300,SF@LAD 08/15/2018 10:10PM ET,LAD,8.08
RP,Dennis Santana (11078085),Dennis Santana,11078085,P,4300,SF@LAD 08/15/2018 10:10PM ET,LAD,2.72
RP,Hunter Wood (11078084),Hunter Wood,11078084,P,4300,TB@NYY 08/15/2018 07:05PM ET,TB,4.18
RP,Austin Pruitt (11078086),Austin Pruitt,11078086,P,4300,TB@NYY 08/15/2018 07:05PM ET,TB,5.47
1B/OF,Steve Pearce (11077343),Steve Pearce,11077343,1B/OF,4300,BOS@PHI 08/15/2018 07:05PM ET,BOS,7.9
1B,Mitch Moreland (11077346),Mitch Moreland,11077346,1B,4300,BOS@PHI 08/15/2018 07:05PM ET,BOS,7.33
OF,Rhys Hoskins (11077352),Rhys Hoskins,11077352,OF,4300,BOS@PHI 08/15/2018 07:05PM ET,PHI,8.77
3B/OF,Charlie Culberson (11077361),Charlie Culberson,11077361,3B/OF,4200,MIA@ATL 08/15/2018 07:35PM ET,ATL,5.75
OF,Ender Inciarte (11077367),Ender Inciarte,11077367,OF,4200,MIA@ATL 08/15/2018 07:35PM ET,ATL,7.3
2B,Jason Kipnis (11077363),Jason Kipnis,11077363,2B,4200,CLE@CIN 08/15/2018 07:10PM ET,CLE,6.55
OF,Leonys Martin (11077364),Leonys Martin,11077364,OF,4200,CLE@CIN 08/15/2018 07:10PM ET,CLE,7.48
2B,Scooter Gennett (11077365),Scooter Gennett,11077365,2B,4200,CLE@CIN 08/15/2018 07:10PM ET,CIN,8.12
OF,Carlos Gonzalez (11077357),Carlos Gonzalez,11077357,OF,4200,COL@HOU 08/15/2018 08:10PM ET,COL,7.63
1B,Tyler White (11077380),Tyler White,11077380,1B,4200,COL@HOU 08/15/2018 08:10PM ET,HOU,6.3
OF,Kyle Tucker (11077382),Kyle Tucker,11077382,OF,4200,COL@HOU 08/15/2018 08:10PM ET,HOU,4.06
RP,Brady Rodgers (11078090),Brady Rodgers,11078090,P,4200,COL@HOU 08/15/2018 08:10PM ET,HOU,0
C,Yadier Molina (11077356),Yadier Molina,11077356,C,4200,WAS@STL 08/15/2018 08:15PM ET,STL,7.74
RP,Austin Voth (11078093),Austin Voth,11078093,P,4200,WAS@STL 08/15/2018 08:15PM ET,WAS,-5.45
OF,Mark Trumbo (11077358),Mark Trumbo,11077358,OF,4200,NYM@BAL 08/15/2018 07:05PM ET,BAL,7.15
3B,Todd Frazier (11077360),Todd Frazier,11077360,3B,4200,NYM@BAL 08/15/2018 07:05PM ET,NYM,7.14
SP,Alex Cobb (11078088),Alex Cobb,11078088,P,4200,NYM@BAL 08/15/2018 07:05PM ET,BAL,9.16
SP,Keegan Akin (11078095),Keegan Akin,11078095,P,4200,NYM@BAL 08/15/2018 07:05PM ET,BAL,0
SS,Aledmys Diaz (11077381),Aledmys Diaz,11077381,SS,4200,TOR@KC 08/15/2018 08:15PM ET,TOR,6.39
SP,Colin Rea (11078091),Colin Rea,11078091,P,4200,LAA@SD 08/15/2018 09:10PM ET,SD,0
SP,Luis Perdomo (11078092),Luis Perdomo,11078092,P,4200,LAA@SD 08/15/2018 09:10PM ET,SD,4.32
SP,Eric Lauer (11078094),Eric Lauer,11078094,P,4200,LAA@SD 08/15/2018 09:10PM ET,SD,9.61
3B,Justin Turner (11077359),Justin Turner,11077359,3B,4200,SF@LAD 08/15/2018 10:10PM ET,LAD,7
SS,Manny Machado (11077369),Manny Machado,11077369,SS,4200,SF@LAD 08/15/2018 10:10PM ET,LAD,9.05
OF,Joc Pederson (11077371),Joc Pederson,11077371,OF,4200,SF@LAD 08/15/2018 10:10PM ET,LAD,6.1
OF,Yasiel Puig (11077377),Yasiel Puig,11077377,OF,4200,SF@LAD 08/15/2018 10:10PM ET,LAD,7.39
2B/OF,Joey Wendle (11077375),Joey Wendle,11077375,2B/OF,4200,TB@NYY 08/15/2018 07:05PM ET,TB,6.42
1B/OF,Jake Bauers (11077378),Jake Bauers,11077378,1B/OF,4200,TB@NYY 08/15/2018 07:05PM ET,TB,8.1
2B,Cesar Hernandez (11077366),Cesar Hernandez,11077366,2B,4200,BOS@PHI 08/15/2018 07:05PM ET,PHI,7.7
OF,Jackie Bradley Jr. (11077368),Jackie Bradley Jr.,11077368,OF,4200,BOS@PHI 08/15/2018 07:05PM ET,BOS,6.79
OF,Nick Williams (11077374),Nick Williams,11077374,OF,4200,BOS@PHI 08/15/2018 07:05PM ET,PHI,5.99
RP,Ryan Brasier (11078089),Ryan Brasier,11078089,P,4200,BOS@PHI 08/15/2018 07:05PM ET,BOS,3.61
OF,Derek Dietrich (11077387),Derek Dietrich,11077387,OF,4100,MIA@ATL 08/15/2018 07:35PM ET,MIA,6.65
RP,Chris O'Grady (11078104),Chris O'Grady,11078104,P,4100,MIA@ATL 08/15/2018 07:35PM ET,MIA,1.89
RP,Elieser Hernandez (11078105),Elieser Hernandez,11078105,P,4100,MIA@ATL 08/15/2018 07:35PM ET,MIA,3.63
SP,Odrisamer Despaigne (11078107),Odrisamer Despaigne,11078107,P,4100,MIA@ATL 08/15/2018 07:35PM ET,MIA,4.29
1B,Joey Votto (11077383),Joey Votto,11077383,1B,4100,CLE@CIN 08/15/2018 07:10PM ET,CIN,7.72
SP,Homer Bailey (11078096),Homer Bailey,11078096,P,4100,CLE@CIN 08/15/2018 07:10PM ET,CIN,7.03
SS,Trevor Story (11077394),Trevor Story,11077394,SS,4100,COL@HOU 08/15/2018 08:10PM ET,COL,9.26
OF,Derek Fisher (11077396),Derek Fisher,11077396,OF,4100,COL@HOU 08/15/2018 08:10PM ET,HOU,3.63
OF,David Dahl (11077398),David Dahl,11077398,OF,4100,COL@HOU 08/15/2018 08:10PM ET,COL,5.78
SP,Ryan Castellani (11078110),Ryan Castellani,11078110,P,4100,COL@HOU 08/15/2018 08:10PM ET,COL,0
1B,Jose Martinez (11077386),Jose Martinez,11077386,1B,4100,WAS@STL 08/15/2018 08:15PM ET,STL,7.11
SP,Wil Crowe (11078109),Wil Crowe,11078109,P,4100,WAS@STL 08/15/2018 08:15PM ET,WAS,0
SP,Seth Romero (11078112),Seth Romero,11078112,P,4100,WAS@STL 08/15/2018 08:15PM ET,WAS,0
RP,Gabriel Ynoa (11078099),Gabriel Ynoa,11078099,P,4100,NYM@BAL 08/15/2018 07:05PM ET,BAL,0
RP,Jimmy Yacabonis (11078108),Jimmy Yacabonis,11078108,P,4100,NYM@BAL 08/15/2018 07:05PM ET,BAL,4.36
SP,P.J. Conlon (11078111),P.J. Conlon,11078111,P,4100,NYM@BAL 08/15/2018 07:05PM ET,NYM,1.02
SP,Jesse Hahn (11078098),Jesse Hahn,11078098,P,4100,TOR@KC 08/15/2018 08:15PM ET,KC,0
RP,Joe Biagini (11078103),Joe Biagini,11078103,P,4100,TOR@KC 08/15/2018 08:15PM ET,TOR,2
1B,Eric Hosmer (11077388),Eric Hosmer,11077388,1B,4100,LAA@SD 08/15/2018 09:10PM ET,SD,6.94
OF,Kole Calhoun (11077391),Kole Calhoun,11077391,OF,4100,LAA@SD 08/15/2018 09:10PM ET,LAA,6.78
SS,Andrelton Simmons (11077392),Andrelton Simmons,11077392,SS,4100,LAA@SD 08/15/2018 09:10PM ET,LAA,7.45
C,Austin Hedges (11077444),Austin Hedges,11077444,C,4100,LAA@SD 08/15/2018 09:10PM ET,SD,6.29
RP,Noe Ramirez (11078102),Noe Ramirez,11078102,P,4100,LAA@SD 08/15/2018 09:10PM ET,LAA,3.54
OF,Andrew McCutchen (11077385),Andrew McCutchen,11077385,OF,4100,SF@LAD 08/15/2018 10:10PM ET,SF,7.59
RP,Scott Alexander (11078097),Scott Alexander,11078097,P,4100,SF@LAD 08/15/2018 10:10PM ET,LAD,2.41
OF,Carlos Gomez (11077384),Carlos Gomez,11077384,OF,4100,TB@NYY 08/15/2018 07:05PM ET,TB,5.73
1B,C.J. Cron (11077393),C.J. Cron,11077393,1B,4100,TB@NYY 08/15/2018 07:05PM ET,TB,7.4
3B,Matt Duffy (11077397),Matt Duffy,11077397,3B,4100,TB@NYY 08/15/2018 07:05PM ET,TB,6.76
2B/SS,Willy Adames (11077399),Willy Adames,11077399,2B/SS,4100,TB@NYY 08/15/2018 07:05PM ET,TB,6.18
RP,Andrew Kittredge (11078101),Andrew Kittredge,11078101,P,4100,TB@NYY 08/15/2018 07:05PM ET,TB,1.11
1B,Justin Bour (11077389),Justin Bour,11077389,1B,4100,BOS@PHI 08/15/2018 07:05PM ET,PHI,6.66
OF,Odubel Herrera (11077390),Odubel Herrera,11077390,OF,4100,BOS@PHI 08/15/2018 07:05PM ET,PHI,7.76
OF,Roman Quinn (11077395),Roman Quinn,11077395,OF,4100,BOS@PHI 08/15/2018 07:05PM ET,PHI,3.46
RP,Adam Morgan (11078100),Adam Morgan,11078100,P,4100,BOS@PHI 08/15/2018 07:05PM ET,PHI,1.67
RP,Drew Anderson (11078106),Drew Anderson,11078106,P,4100,BOS@PHI 08/15/2018 07:05PM ET,PHI,4.05
RP,Peter Moylan (11078123),Peter Moylan,11078123,P,4000,MIA@ATL 08/15/2018 07:35PM ET,ATL,1.3
RP,Javy Guerra (11078129),Javy Guerra,11078129,P,4000,MIA@ATL 08/15/2018 07:35PM ET,MIA,2.19
RP,Jonny Venters (11078130),Jonny Venters,11078130,P,4000,MIA@ATL 08/15/2018 07:35PM ET,ATL,2.01
RP,Darren O'Day (11078142),Darren O'Day,11078142,P,4000,MIA@ATL 08/15/2018 07:35PM ET,ATL,3.4
RP,Sam Freeman (11078172),Sam Freeman,11078172,P,4000,MIA@ATL 08/15/2018 07:35PM ET,ATL,2
RP,Chad Bell (11078173),Chad Bell,11078173,P,4000,MIA@ATL 08/15/2018 07:35PM ET,ATL,2.3
RP,Brad Brach (11078193),Brad Brach,11078193,P,4000,MIA@ATL 08/15/2018 07:35PM ET,ATL,2.23
RP,Arodys Vizcaino (11078201),Arodys Vizcaino,11078201,P,4000,MIA@ATL 08/15/2018 07:35PM ET,ATL,3.46
RP,Jose Ramirez (11078218),Jose Ramirez,11078218,P,4000,MIA@ATL 08/15/2018 07:35PM ET,ATL,-1.02
RP,Luke Jackson (11078232),Luke Jackson,11078232,P,4000,MIA@ATL 08/15/2018 07:35PM ET,ATL,4.34
SP,Jesse Biddle (11078235),Jesse Biddle,11078235,P,4000,MIA@ATL 08/15/2018 07:35PM ET,ATL,3.73
RP,Tayron Guerrero (11078254),Tayron Guerrero,11078254,P,4000,MIA@ATL 08/15/2018 07:35PM ET,MIA,2.87
RP,Severino Gonzalez (11078259),Severino Gonzalez,11078259,P,4000,MIA@ATL 08/15/2018 07:35PM ET,MIA,0
RP,Drew Rucinski (11078271),Drew Rucinski,11078271,P,4000,MIA@ATL 08/15/2018 07:35PM ET,MIA,3.83
RP,Jacob Lindgren (11078272),Jacob Lindgren,11078272,P,4000,MIA@ATL 08/15/2018 07:35PM ET,ATL,0
RP,Brett Graves (11078274),Brett Graves,11078274,P,4000,MIA@ATL 08/15/2018 07:35PM ET,MIA,1.36
RP,Kyle Barraclough (11078276),Kyle Barraclough,11078276,P,4000,MIA@ATL 08/15/2018 07:35PM ET,MIA,2.61
RP,Drew Steckenrider (11078281),Drew Steckenrider,11078281,P,4000,MIA@ATL 08/15/2018 07:35PM ET,MIA,3.04
RP,Nick Wittgren (11078284),Nick Wittgren,11078284,P,4000,MIA@ATL 08/15/2018 07:35PM ET,MIA,2.67
RP,Brian Ellington (11078291),Brian Ellington,11078291,P,4000,MIA@ATL 08/15/2018 07:35PM ET,MIA,0
SP,Brett Lilek (11078297),Brett Lilek,11078297,P,4000,MIA@ATL 08/15/2018 07:35PM ET,MIA,0
RP,A.J. Minter (11078298),A.J. Minter,11078298,P,4000,MIA@ATL 08/15/2018 07:35PM ET,ATL,3.25
RP,Shane Carle (11078308),Shane Carle,11078308,P,4000,MIA@ATL 08/15/2018 07:35PM ET,ATL,3.22
RP,Tyler Kinley (11078310),Tyler Kinley,11078310,P,4000,MIA@ATL 08/15/2018 07:35PM ET,MIA,-2.58
RP,Chad Sobotka (11078330),Chad Sobotka,11078330,P,4000,MIA@ATL 08/15/2018 07:35PM ET,ATL,6.48
SP,Ricardo Sanchez (11078346),Ricardo Sanchez,11078346,P,4000,MIA@ATL 08/15/2018 07:35PM ET,ATL,0
SP,Kyle Wright (11078357),Kyle Wright,11078357,P,4000,MIA@ATL 08/15/2018 07:35PM ET,ATL,0
SP,Nick Neidert (11078365),Nick Neidert,11078365,P,4000,MIA@ATL 08/15/2018 07:35PM ET,MIA,0
SP,Ian Anderson (11078376),Ian Anderson,11078376,P,4000,MIA@ATL 08/15/2018 07:35PM ET,ATL,0
SP,Braxton Garrett (11078378),Braxton Garrett,11078378,P,4000,MIA@ATL 08/15/2018 07:35PM ET,MIA,0
SP,Joey Wentz (11078381),Joey Wentz,11078381,P,4000,MIA@ATL 08/15/2018 07:35PM ET,ATL,0
SP,Bryse Wilson (11078383),Bryse Wilson,11078383,P,4000,MIA@ATL 08/15/2018 07:35PM ET,ATL,0
RP,Trevor Rogers (11078394),Trevor Rogers,11078394,P,4000,MIA@ATL 08/15/2018 07:35PM ET,MIA,0
SS,Jose Peraza (11077410),Jose Peraza,11077410,SS,4000,CLE@CIN 08/15/2018 07:10PM ET,CIN,7.4
OF,Phillip Ervin (11077415),Phillip Ervin,11077415,OF,4000,CLE@CIN 08/15/2018 07:10PM ET,CIN,5.22
RP,Oliver Perez (11078115),Oliver Perez,11078115,P,4000,CLE@CIN 08/15/2018 07:10PM ET,CLE,2.5
RP,David Hernandez (11078137),David Hernandez,11078137,P,4000,CLE@CIN 08/15/2018 07:10PM ET,CIN,3.98
RP,Andrew Miller (11078141),Andrew Miller,11078141,P,4000,CLE@CIN 08/15/2018 07:10PM ET,CLE,3.31
RP,Jared Hughes (11078148),Jared Hughes,11078148,P,4000,CLE@CIN 08/15/2018 07:10PM ET,CIN,3.39
RP,Dan Otero (11078161),Dan Otero,11078161,P,4000,CLE@CIN 08/15/2018 07:10PM ET,CLE,1.82
RP,Neil Ramirez (11078167),Neil Ramirez,11078167,P,4000,CLE@CIN 08/15/2018 07:10PM ET,CLE,2.49
RP,Brad Hand (11078182),Brad Hand,11078182,P,4000,CLE@CIN 08/15/2018 07:10PM ET,CLE,4.33
SP,Vance Worley (11078184),Vance Worley,11078184,P,4000,CLE@CIN 08/15/2018 07:10PM ET,CIN,0
RP,Adam Wilk (11078207),Adam Wilk,11078207,P,4000,CLE@CIN 08/15/2018 07:10PM ET,CLE,0
RP,Lisalverto Bonilla (11078224),Lisalverto Bonilla,11078224,P,4000,CLE@CIN 08/15/2018 07:10PM ET,CLE,0
RP,Perci Garner (11078236),Perci Garner,11078236,P,4000,CLE@CIN 08/15/2018 07:10PM ET,CLE,0
RP,Michael Lorenzen (11078238),Michael Lorenzen,11078238,P,4000,CLE@CIN 08/15/2018 07:10PM ET,CIN,2.52
RP,Wandy Peralta (11078242),Wandy Peralta,11078242,P,4000,CLE@CIN 08/15/2018 07:10PM ET,CIN,1.2
RP,Cody Allen (11078243),Cody Allen,11078243,P,4000,CLE@CIN 08/15/2018 07:10PM ET,CLE,3.06
SP,Cody Anderson (11078244),Cody Anderson,11078244,P,4000,CLE@CIN 08/15/2018 07:10PM ET,CLE,0
RP,Ryan Merritt (11078269),Ryan Merritt,11078269,P,4000,CLE@CIN 08/15/2018 07:10PM ET,CLE,0
RP,Nick Goody (11078273),Nick Goody,11078273,P,4000,CLE@CIN 08/15/2018 07:10PM ET,CLE,1.64
RP,James Hoyt (11078299),James Hoyt,11078299,P,4000,CLE@CIN 08/15/2018 07:10PM ET,CLE,-0.45
RP,Adam Cimber (11078307),Adam Cimber,11078307,P,4000,CLE@CIN 08/15/2018 07:10PM ET,CLE,3.06
SP,Daniel Wright (11078324),Daniel Wright,11078324,P,4000,CLE@CIN 08/15/2018 07:10PM ET,CIN,0
SP,Nick Howard (11078329),Nick Howard,11078329,P,4000,CLE@CIN 08/15/2018 07:10PM ET,CIN,0
SP,Brady Aiken (11078333),Brady Aiken,11078333,P,4000,CLE@CIN 08/15/2018 07:10PM ET,CLE,0
RP,Raisel Iglesias (11078348),Raisel Iglesias,11078348,P,4000,CLE@CIN 08/15/2018 07:10PM ET,CIN,3.51
SP,Aaron Civale (11078358),Aaron Civale,11078358,P,4000,CLE@CIN 08/15/2018 07:10PM ET,CLE,0
SP,Triston McKenzie (11078361),Triston McKenzie,11078361,P,4000,CLE@CIN 08/15/2018 07:10PM ET,CLE,0
SP,Tony Santillan (11078363),Tony Santillan,11078363,P,4000,CLE@CIN 08/15/2018 07:10PM ET,CIN,0
SP,Vladimir Gutierrez (11078388),Vladimir Gutierrez,11078388,P,4000,CLE@CIN 08/15/2018 07:10PM ET,CIN,0
SP,Hunter Greene (11078392),Hunter Greene,11078392,P,4000,CLE@CIN 08/15/2018 07:10PM ET,CIN,0
RP,Jake McGee (11078125),Jake McGee,11078125,P,4000,COL@HOU 08/15/2018 08:10PM ET,COL,1.74
RP,Wade Davis (11078128),Wade Davis,11078128,P,4000,COL@HOU 08/15/2018 08:10PM ET,COL,2.44
RP,Tony Sipp (11078131),Tony Sipp,11078131,P,4000,COL@HOU 08/15/2018 08:10PM ET,HOU,3.08
RP,Mike Dunn (11078132),Mike Dunn,11078132,P,4000,COL@HOU 08/15/2018 08:10PM ET,COL,0.17
RP,Seunghwan Oh (11078139),Seunghwan Oh,11078139,P,4000,COL@HOU 08/15/2018 08:10PM ET,COL,3.44
RP,Adam Ottavino (11078143),Adam Ottavino,11078143,P,4000,COL@HOU 08/15/2018 08:10PM ET,COL,4.71
RP,Joe Smith (11078147),Joe Smith,11078147,P,4000,COL@HOU 08/15/2018 08:10PM ET,HOU,2.86
RP,Will Harris (11078152),Will Harris,11078152,P,4000,COL@HOU 08/15/2018 08:10PM ET,HOU,2.92
RP,Hector Rondon (11078159),Hector Rondon,11078159,P,4000,COL@HOU 08/15/2018 08:10PM ET,HOU,3.57
RP,Ryan Pressly (11078168),Ryan Pressly,11078168,P,4000,COL@HOU 08/15/2018 08:10PM ET,HOU,3.4
RP,Chris Rusin (11078188),Chris Rusin,11078188,P,4000,COL@HOU 08/15/2018 08:10PM ET,COL,1.68
RP,Rayan Gonzalez (11078194),Rayan Gonzalez,11078194,P,4000,COL@HOU 08/15/2018 08:10PM ET,COL,0
RP,Bryan Shaw (11078200),Bryan Shaw,11078200,P,4000,COL@HOU 08/15/2018 08:10PM ET,COL,1.89
RP,Scott Oberg (11078226),Scott Oberg,11078226,P,4000,COL@HOU 08/15/2018 08:10PM ET,COL,3.21
RP,Jandel Gustave (11078253),Jandel Gustave,11078253,P,4000,COL@HOU 08/15/2018 08:10PM ET,HOU,0
RP,Roberto Osuna (11078258),Roberto Osuna,11078258,P,4000,COL@HOU 08/15/2018 08:10PM ET,HOU,2.72
RP,Chris Devenski (11078275),Chris Devenski,11078275,P,4000,COL@HOU 08/15/2018 08:10PM ET,HOU,2.8
RP,Sam Howard (11078278),Sam Howard,11078278,P,4000,COL@HOU 08/15/2018 08:10PM ET,COL,1.65
RP,Yency Almonte (11078292),Yency Almonte,11078292,P,4000,COL@HOU 08/15/2018 08:10PM ET,COL,3.75
RP,Francis Martes (11078303),Francis Martes,11078303,P,4000,COL@HOU 08/15/2018 08:10PM ET,HOU,0
RP,Harrison Musgrave (11078319),Harrison Musgrave,11078319,P,4000,COL@HOU 08/15/2018 08:10PM ET,COL,2.75
SP,J.B. Bukauskas (11078340),J.B. Bukauskas,11078340,P,4000,COL@HOU 08/15/2018 08:10PM ET,HOU,0
SP,Franklin Perez (11078355),Franklin Perez,11078355,P,4000,COL@HOU 08/15/2018 08:10PM ET,HOU,0
SP,Mike Nikorak (11078359),Mike Nikorak,11078359,P,4000,COL@HOU 08/15/2018 08:10PM ET,COL,0
SP,Peter Lambert (11078362),Peter Lambert,11078362,P,4000,COL@HOU 08/15/2018 08:10PM ET,COL,0
SP,Riley Pint (11078377),Riley Pint,11078377,P,4000,COL@HOU 08/15/2018 08:10PM ET,COL,0
RP,Cionel Perez (11078389),Cionel Perez,11078389,P,4000,COL@HOU 08/15/2018 08:10PM ET,HOU,2.94
1B/OF,Matt Adams (11077406),Matt Adams,11077406,1B/OF,4000,WAS@STL 08/15/2018 08:15PM ET,WAS,6.24
OF,Harrison Bader (11077417),Harrison Bader,11077417,OF,4000,WAS@STL 08/15/2018 08:15PM ET,STL,5.44
RP,Joaquin Benoit (11078114),Joaquin Benoit,11078114,P,4000,WAS@STL 08/15/2018 08:15PM ET,WAS,0
RP,Ryan Madson (11078116),Ryan Madson,11078116,P,4000,WAS@STL 08/15/2018 08:15PM ET,WAS,2
RP,Bud Norris (11078150),Bud Norris,11078150,P,4000,WAS@STL 08/15/2018 08:15PM ET,STL,3.39
RP,Luke Gregerson (11078158),Luke Gregerson,11078158,P,4000,WAS@STL 08/15/2018 08:15PM ET,STL,1.21
RP,Brett Cecil (11078162),Brett Cecil,11078162,P,4000,WAS@STL 08/15/2018 08:15PM ET,STL,0.85
RP,Greg Holland (11078165),Greg Holland,11078165,P,4000,WAS@STL 08/15/2018 08:15PM ET,WAS,0.96
RP,Sean Doolittle (11078166),Sean Doolittle,11078166,P,4000,WAS@STL 08/15/2018 08:15PM ET,WAS,4.82
RP,Sammy Solis (11078169),Sammy Solis,11078169,P,4000,WAS@STL 08/15/2018 08:15PM ET,WAS,1.69
RP,Justin Miller (11078186),Justin Miller,11078186,P,4000,WAS@STL 08/15/2018 08:15PM ET,WAS,4.3
RP,Aaron Barrett (11078196),Aaron Barrett,11078196,P,4000,WAS@STL 08/15/2018 08:15PM ET,WAS,0
RP,Kelvin Herrera (11078199),Kelvin Herrera,11078199,P,4000,WAS@STL 08/15/2018 08:15PM ET,WAS,2.66
RP,Trevor Rosenthal (11078211),Trevor Rosenthal,11078211,P,4000,WAS@STL 08/15/2018 08:15PM ET,STL,0
RP,Matt Grace (11078230),Matt Grace,11078230,P,4000,WAS@STL 08/15/2018 08:15PM ET,WAS,3.11
RP,Wander Suero (11078231),Wander Suero,11078231,P,4000,WAS@STL 08/15/2018 08:15PM ET,WAS,3.9
RP,Chasen Shreve (11078241),Chasen Shreve,11078241,P,4000,WAS@STL 08/15/2018 08:15PM ET,STL,2.95
RP,Ryan Sherriff (11078247),Ryan Sherriff,11078247,P,4000,WAS@STL 08/15/2018 08:15PM ET,STL,0.83
RP,John Brebbia (11078255),John Brebbia,11078255,P,4000,WAS@STL 08/15/2018 08:15PM ET,STL,3.64
RP,Tyler Webb (11078279),Tyler Webb,11078279,P,4000,WAS@STL 08/15/2018 08:15PM ET,STL,2.23
RP,Dominic Leone (11078282),Dominic Leone,11078282,P,4000,WAS@STL 08/15/2018 08:15PM ET,STL,2.53
RP,Jefry Rodriguez (11078287),Jefry Rodriguez,11078287,P,4000,WAS@STL 08/15/2018 08:15PM ET,WAS,7.35
RP,Mike Mayers (11078301),Mike Mayers,11078301,P,4000,WAS@STL 08/15/2018 08:15PM ET,STL,3.02
SP,Conner Greene (11078306),Conner Greene,11078306,P,4000,WAS@STL 08/15/2018 08:15PM ET,STL,0
SP,Dakota Hudson (11078321),Dakota Hudson,11078321,P,4000,WAS@STL 08/15/2018 08:15PM ET,STL,4.86
SP,Junior Fernandez (11078349),Junior Fernandez,11078349,P,4000,WAS@STL 08/15/2018 08:15PM ET,STL,0
RP,Jordan Hicks (11078367),Jordan Hicks,11078367,P,4000,WAS@STL 08/15/2018 08:15PM ET,STL,2.91
RP,Koda Glover (11078371),Koda Glover,11078371,P,4000,WAS@STL 08/15/2018 08:15PM ET,WAS,0.18
OF,Austin Jackson (11077402),Austin Jackson,11077402,OF,4000,NYM@BAL 08/15/2018 07:05PM ET,NYM,4.46
1B,Wilmer Flores (11077405),Wilmer Flores,11077405,1B,4000,NYM@BAL 08/15/2018 07:05PM ET,NYM,5.73
OF,Cedric Mullins (11077416),Cedric Mullins,11077416,OF,4000,NYM@BAL 08/15/2018 07:05PM ET,BAL,9.25
RP,Jerry Blevins (11078126),Jerry Blevins,11078126,P,4000,NYM@BAL 08/15/2018 07:05PM ET,NYM,1.56
RP,Anthony Swarzak (11078127),Anthony Swarzak,11078127,P,4000,NYM@BAL 08/15/2018 07:05PM ET,NYM,2.13
RP,Jhan Marinez (11078178),Jhan Marinez,11078178,P,4000,NYM@BAL 08/15/2018 07:05PM ET,BAL,0.4
SP,Tim Melville (11078185),Tim Melville,11078185,P,4000,NYM@BAL 08/15/2018 07:05PM ET,BAL,0
RP,Richard Bleier (11078189),Richard Bleier,11078189,P,4000,NYM@BAL 08/15/2018 07:05PM ET,BAL,2.48
SP,Drew Gagnon (11078191),Drew Gagnon,11078191,P,4000,NYM@BAL 08/15/2018 07:05PM ET,NYM,-1.5
RP,Mychal Givens (11078202),Mychal Givens,11078202,P,4000,NYM@BAL 08/15/2018 07:05PM ET,BAL,2.79
SP,David Holmberg (11078204),David Holmberg,11078204,P,4000,NYM@BAL 08/15/2018 07:05PM ET,BAL,0
RP,AJ Ramos (11078210),AJ Ramos,11078210,P,4000,NYM@BAL 08/15/2018 07:05PM ET,NYM,1.75
SP,Asher Wojciechowski (11078233),Asher Wojciechowski,11078233,P,4000,NYM@BAL 08/15/2018 07:05PM ET,BAL,0
RP,Jeff Ferrell (11078245),Jeff Ferrell,11078245,P,4000,NYM@BAL 08/15/2018 07:05PM ET,BAL,0
RP,Chris Lee (11078250),Chris Lee,11078250,P,4000,NYM@BAL 08/15/2018 07:05PM ET,BAL,0
RP,Bobby Wahl (11078251),Bobby Wahl,11078251,P,4000,NYM@BAL 08/15/2018 07:05PM ET,NYM,2.01
RP,Jayson Aquino (11078252),Jayson Aquino,11078252,P,4000,NYM@BAL 08/15/2018 07:05PM ET,BAL,0
RP,Yefry Ramirez (11078260),Yefry Ramirez,11078260,P,4000,NYM@BAL 08/15/2018 07:05PM ET,BAL,10
RP,Pedro Araujo (11078261),Pedro Araujo,11078261,P,4000,NYM@BAL 08/15/2018 07:05PM ET,BAL,2.38
RP,Sean Gilmartin (11078265),Sean Gilmartin,11078265,P,4000,NYM@BAL 08/15/2018 07:05PM ET,BAL,0.25
RP,Jamie Callahan (11078289),Jamie Callahan,11078289,P,4000,NYM@BAL 08/15/2018 07:05PM ET,NYM,0
RP,Tim Peterson (11078293),Tim Peterson,11078293,P,4000,NYM@BAL 08/15/2018 07:05PM ET,NYM,2.65
RP,Evan Phillips (11078294),Evan Phillips,11078294,P,4000,NYM@BAL 08/15/2018 07:05PM ET,BAL,0.51
RP,Miguel Castro (11078300),Miguel Castro,11078300,P,4000,NYM@BAL 08/15/2018 07:05PM ET,BAL,2.93
RP,Tyler Bashlor (11078309),Tyler Bashlor,11078309,P,4000,NYM@BAL 08/15/2018 07:05PM ET,NYM,2.31
RP,Paul Fry (11078312),Paul Fry,11078312,P,4000,NYM@BAL 08/15/2018 07:05PM ET,BAL,2.84
SP,Anthony Kay (11078316),Anthony Kay,11078316,P,4000,NYM@BAL 08/15/2018 07:05PM ET,NYM,0
SP,Justin Dunn (11078322),Justin Dunn,11078322,P,4000,NYM@BAL 08/15/2018 07:05PM ET,NYM,0
RP,Tanner Scott (11078336),Tanner Scott,11078336,P,4000,NYM@BAL 08/15/2018 07:05PM ET,BAL,3.2
SP,David Peterson (11078343),David Peterson,11078343,P,4000,NYM@BAL 08/15/2018 07:05PM ET,NYM,0
SP,Cody Sedlock (11078356),Cody Sedlock,11078356,P,4000,NYM@BAL 08/15/2018 07:05PM ET,BAL,0
RP,Drew Smith (11078366),Drew Smith,11078366,P,4000,NYM@BAL 08/15/2018 07:05PM ET,NYM,2.2
SP,Thomas Szapucki (11078368),Thomas Szapucki,11078368,P,4000,NYM@BAL 08/15/2018 07:05PM ET,NYM,0
RP,Cody Carroll (11078373),Cody Carroll,11078373,P,4000,NYM@BAL 08/15/2018 07:05PM ET,BAL,-0.14
SP,Matthias Dietz (11078374),Matthias Dietz,11078374,P,4000,NYM@BAL 08/15/2018 07:05PM ET,BAL,0
SP,DL Hall (11078396),DL Hall,11078396,P,4000,NYM@BAL 08/15/2018 07:05PM ET,BAL,0
OF,Curtis Granderson (11077401),Curtis Granderson,11077401,OF,4000,TOR@KC 08/15/2018 08:15PM ET,TOR,5.79
3B,Josh Donaldson (11077404),Josh Donaldson,11077404,3B,4000,TOR@KC 08/15/2018 08:15PM ET,TOR,7.81
2B,Devon Travis (11077409),Devon Travis,11077409,2B,4000,TOR@KC 08/15/2018 08:15PM ET,TOR,6
2B/SS,Adalberto Mondesi (11077413),Adalberto Mondesi,11077413,2B/SS,4000,TOR@KC 08/15/2018 08:15PM ET,KC,7.49
RP,Blaine Boyer (11078117),Blaine Boyer,11078117,P,4000,TOR@KC 08/15/2018 08:15PM ET,KC,-0.36
RP,Craig Breslow (11078120),Craig Breslow,11078120,P,4000,TOR@KC 08/15/2018 08:15PM ET,TOR,0
RP,Tyler Clippard (11078124),Tyler Clippard,11078124,P,4000,TOR@KC 08/15/2018 08:15PM ET,TOR,3.15
SP,Wily Peralta (11078140),Wily Peralta,11078140,P,4000,TOR@KC 08/15/2018 08:15PM ET,KC,2.32
SP,Nick Tepesch (11078176),Nick Tepesch,11078176,P,4000,TOR@KC 08/15/2018 08:15PM ET,TOR,0
RP,Rhiner Cruz (11078179),Rhiner Cruz,11078179,P,4000,TOR@KC 08/15/2018 08:15PM ET,TOR,5.25
RP,Brian Flynn (11078195),Brian Flynn,11078195,P,4000,TOR@KC 08/15/2018 08:15PM ET,KC,2.81
RP,Brandon Maurer (11078197),Brandon Maurer,11078197,P,4000,TOR@KC 08/15/2018 08:15PM ET,KC,0.28
RP,Ryan Tepera (11078209),Ryan Tepera,11078209,P,4000,TOR@KC 08/15/2018 08:15PM ET,TOR,3.02
RP,Jake Petricka (11078215),Jake Petricka,11078215,P,4000,TOR@KC 08/15/2018 08:15PM ET,TOR,2.35
RP,Ken Giles (11078217),Ken Giles,11078217,P,4000,TOR@KC 08/15/2018 08:15PM ET,TOR,2
RP,Jason Adam (11078237),Jason Adam,11078237,P,4000,TOR@KC 08/15/2018 08:15PM ET,KC,2.7
SP,Taylor Guerrieri (11078263),Taylor Guerrieri,11078263,P,4000,TOR@KC 08/15/2018 08:15PM ET,TOR,0
SP,Kyle Zimmer (11078283),Kyle Zimmer,11078283,P,4000,TOR@KC 08/15/2018 08:15PM ET,KC,0
SP,Jon Harris (11078295),Jon Harris,11078295,P,4000,TOR@KC 08/15/2018 08:15PM ET,TOR,0
RP,Kevin McCarthy (11078311),Kevin McCarthy,11078311,P,4000,TOR@KC 08/15/2018 08:15PM ET,KC,2.41
RP,Glenn Sparkman (11078313),Glenn Sparkman,11078313,P,4000,TOR@KC 08/15/2018 08:15PM ET,KC,3.8
SP,T.J. Zeuch (11078317),T.J. Zeuch,11078317,P,4000,TOR@KC 08/15/2018 08:15PM ET,TOR,0
SP,Foster Griffin (11078334),Foster Griffin,11078334,P,4000,TOR@KC 08/15/2018 08:15PM ET,KC,0
SP,Scott Blewett (11078335),Scott Blewett,11078335,P,4000,TOR@KC 08/15/2018 08:15PM ET,KC,0
SP,Trevor Oaks (11078339),Trevor Oaks,11078339,P,4000,TOR@KC 08/15/2018 08:15PM ET,KC,3.14
RP,Tim Hill (11078344),Tim Hill,11078344,P,4000,TOR@KC 08/15/2018 08:15PM ET,KC,1.54
SP,Nolan Watson (11078360),Nolan Watson,11078360,P,4000,TOR@KC 08/15/2018 08:15PM ET,KC,0
SP,Richard Lovelady (11078387),Richard Lovelady,11078387,P,4000,TOR@KC 08/15/2018 08:15PM ET,KC,0
SP,Nate Pearson (11078397),Nate Pearson,11078397,P,4000,TOR@KC 08/15/2018 08:15PM ET,TOR,0
OF,Hunter Renfroe (11077408),Hunter Renfroe,11077408,OF,4000,LAA@SD 08/15/2018 09:10PM ET,SD,6.51
RP,Osmer Morales (11078113),Osmer Morales,11078113,P,4000,LAA@SD 08/15/2018 09:10PM ET,LAA,0
RP,Chris Young (11078118),Chris Young,11078118,P,4000,LAA@SD 08/15/2018 09:10PM ET,SD,0
RP,Jim Johnson (11078119),Jim Johnson,11078119,P,4000,LAA@SD 08/15/2018 09:10PM ET,LAA,2.54
RP,Craig Stammen (11078133),Craig Stammen,11078133,P,4000,LAA@SD 08/15/2018 09:10PM ET,SD,3.89
RP,Blake Wood (11078145),Blake Wood,11078145,P,4000,LAA@SD 08/15/2018 09:10PM ET,LAA,2.66
RP,Blake Parker (11078155),Blake Parker,11078155,P,4000,LAA@SD 08/15/2018 09:10PM ET,LAA,3.22
RP,Taylor Cole (11078174),Taylor Cole,11078174,P,4000,LAA@SD 08/15/2018 09:10PM ET,LAA,6.94
RP,Jose Alvarez (11078180),Jose Alvarez,11078180,P,4000,LAA@SD 08/15/2018 09:10PM ET,LAA,2.53
RP,Robert Stock (11078203),Robert Stock,11078203,P,4000,LAA@SD 08/15/2018 09:10PM ET,SD,4.5
RP,Vicente Campos (11078219),Vicente Campos,11078219,P,4000,LAA@SD 08/15/2018 09:10PM ET,LAA,0
RP,Kirby Yates (11078220),Kirby Yates,11078220,P,4000,LAA@SD 08/15/2018 09:10PM ET,SD,4.3
RP,Hansel Robles (11078222),Hansel Robles,11078222,P,4000,LAA@SD 08/15/2018 09:10PM ET,LAA,3
RP,Cam Bedrosian (11078234),Cam Bedrosian,11078234,P,4000,LAA@SD 08/15/2018 09:10PM ET,LAA,2.54
SP,Dillon Overton (11078246),Dillon Overton,11078246,P,4000,LAA@SD 08/15/2018 09:10PM ET,SD,0
RP,Kazuhisa Makita (11078257),Kazuhisa Makita,11078257,P,4000,LAA@SD 08/15/2018 09:10PM ET,SD,2.32
RP,Williams Jerez (11078264),Williams Jerez,11078264,P,4000,LAA@SD 08/15/2018 09:10PM ET,LAA,5.93
RP,Colten Brewer (11078266),Colten Brewer,11078266,P,4000,LAA@SD 08/15/2018 09:10PM ET,SD,2.14
RP,Miguel Diaz (11078288),Miguel Diaz,11078288,P,4000,LAA@SD 08/15/2018 09:10PM ET,SD,13.9
RP,Trey Wingenter (11078296),Trey Wingenter,11078296,P,4000,LAA@SD 08/15/2018 09:10PM ET,SD,5.38
RP,Keynan Middleton (11078305),Keynan Middleton,11078305,P,4000,LAA@SD 08/15/2018 09:10PM ET,LAA,3.08
RP,Jose Castillo (11078326),Jose Castillo,11078326,P,4000,LAA@SD 08/15/2018 09:10PM ET,SD,3.6
RP,Jake Jewell (11078341),Jake Jewell,11078341,P,4000,LAA@SD 08/15/2018 09:10PM ET,LAA,-0.17
RP,Justin Anderson (11078342),Justin Anderson,11078342,P,4000,LAA@SD 08/15/2018 09:10PM ET,LAA,3.66
SP,Griffin Canning (11078345),Griffin Canning,11078345,P,4000,LAA@SD 08/15/2018 09:10PM ET,LAA,0
SP,Anderson Espinoza (11078352),Anderson Espinoza,11078352,P,4000,LAA@SD 08/15/2018 09:10PM ET,SD,0
SP,Austin Smith (11078364),Austin Smith,11078364,P,4000,LAA@SD 08/15/2018 09:10PM ET,SD,0
SP,Logan Allen (11078369),Logan Allen,11078369,P,4000,LAA@SD 08/15/2018 09:10PM ET,SD,0
SP,Chris Paddack (11078370),Chris Paddack,11078370,P,4000,LAA@SD 08/15/2018 09:10PM ET,SD,0
RP,Phil Maton (11078372),Phil Maton,11078372,P,4000,LAA@SD 08/15/2018 09:10PM ET,SD,2.82
SP,Chris Rodriguez (11078385),Chris Rodriguez,11078385,P,4000,LAA@SD 08/15/2018 09:10PM ET,LAA,0
SP,Michel Baez (11078390),Michel Baez,11078390,P,4000,LAA@SD 08/15/2018 09:10PM ET,SD,0
SP,Adrian Morejon (11078391),Adrian Morejon,11078391,P,4000,LAA@SD 08/15/2018 09:10PM ET,SD,0
SP,MacKenzie Gore (11078393),MacKenzie Gore,11078393,P,4000,LAA@SD 08/15/2018 09:10PM ET,SD,0
OF/SS,Chris Taylor (11077411),Chris Taylor,11077411,SS/OF,4000,SF@LAD 08/15/2018 10:10PM ET,LAD,7.42
C,Buster Posey (11077430),Buster Posey,11077430,C,4000,SF@LAD 08/15/2018 10:10PM ET,SF,7.01
SP,Matt Cain (11078122),Matt Cain,11078122,P,4000,SF@LAD 08/15/2018 10:10PM ET,SF,0
RP,Kenley Jansen (11078138),Kenley Jansen,11078138,P,4000,SF@LAD 08/15/2018 10:10PM ET,LAD,3.7
RP,Mark Melancon (11078153),Mark Melancon,11078153,P,4000,SF@LAD 08/15/2018 10:10PM ET,SF,1.8
RP,Tony Watson (11078154),Tony Watson,11078154,P,4000,SF@LAD 08/15/2018 10:10PM ET,SF,3.21
RP,Sam Dyson (11078157),Sam Dyson,11078157,P,4000,SF@LAD 08/15/2018 10:10PM ET,SF,2.54
RP,John Axford (11078160),John Axford,11078160,P,4000,SF@LAD 08/15/2018 10:10PM ET,LAD,2.93
RP,Josh Fields (11078164),Josh Fields,11078164,P,4000,SF@LAD 08/15/2018 10:10PM ET,LAD,2.81
RP,Hunter Strickland (11078170),Hunter Strickland,11078170,P,4000,SF@LAD 08/15/2018 10:10PM ET,SF,2.88
RP,Pedro Baez (11078171),Pedro Baez,11078171,P,4000,SF@LAD 08/15/2018 10:10PM ET,LAD,3.11
RP,Casey Kelly (11078181),Casey Kelly,11078181,P,4000,SF@LAD 08/15/2018 10:10PM ET,SF,16.05
RP,Daniel Hudson (11078187),Daniel Hudson,11078187,P,4000,SF@LAD 08/15/2018 10:10PM ET,LAD,3.12
RP,Will Smith (11078190),Will Smith,11078190,P,4000,SF@LAD 08/15/2018 10:10PM ET,SF,4.07
RP,Chris Heston (11078198),Chris Heston,11078198,P,4000,SF@LAD 08/15/2018 10:10PM ET,SF,0
RP,Pierce Johnson (11078208),Pierce Johnson,11078208,P,4000,SF@LAD 08/15/2018 10:10PM ET,SF,2.4
RP,Dylan Floro (11078212),Dylan Floro,11078212,P,4000,SF@LAD 08/15/2018 10:10PM ET,LAD,3.89
RP,Zac Rosscup (11078213),Zac Rosscup,11078213,P,4000,SF@LAD 08/15/2018 10:10PM ET,LAD,0.68
RP,Jose Valdez (11078221),Jose Valdez,11078221,P,4000,SF@LAD 08/15/2018 10:10PM ET,SF,-0.04
RP,Yimi Garcia (11078223),Yimi Garcia,11078223,P,4000,SF@LAD 08/15/2018 10:10PM ET,LAD,1.94
RP,Erik Goeddel (11078228),Erik Goeddel,11078228,P,4000,SF@LAD 08/15/2018 10:10PM ET,LAD,4.18
RP,Jesen Therrien (11078248),Jesen Therrien,11078248,P,4000,SF@LAD 08/15/2018 10:10PM ET,LAD,0
RP,Ray Black (11078256),Ray Black,11078256,P,4000,SF@LAD 08/15/2018 10:10PM ET,SF,4.24
RP,Reyes Moronta (11078262),Reyes Moronta,11078262,P,4000,SF@LAD 08/15/2018 10:10PM ET,SF,3.67
RP,Tony Cingrani (11078267),Tony Cingrani,11078267,P,4000,SF@LAD 08/15/2018 10:10PM ET,LAD,3.12
SP,Jordan Johnson (11078277),Jordan Johnson,11078277,P,4000,SF@LAD 08/15/2018 10:10PM ET,SF,0
RP,JT Chargois (11078280),JT Chargois,11078280,P,4000,SF@LAD 08/15/2018 10:10PM ET,LAD,2.86
RP,Julian Fernandez (11078304),Julian Fernandez,11078304,P,4000,SF@LAD 08/15/2018 10:10PM ET,SF,0
SP,Jordan Sheffield (11078314),Jordan Sheffield,11078314,P,4000,SF@LAD 08/15/2018 10:10PM ET,LAD,0
SP,Garrett Williams (11078318),Garrett Williams,11078318,P,4000,SF@LAD 08/15/2018 10:10PM ET,SF,0
SP,Dustin May (11078386),Dustin May,11078386,P,4000,SF@LAD 08/15/2018 10:10PM ET,LAD,0
RP,Sergio Romo (11078134),Sergio Romo,11078134,P,4000,TB@NYY 08/15/2018 07:05PM ET,TB,2.89
RP,Chaz Roe (11078135),Chaz Roe,11078135,P,4000,TB@NYY 08/15/2018 07:05PM ET,TB,2.57
SP,Jonathon Niese (11078136),Jonathon Niese,11078136,P,4000,TB@NYY 08/15/2018 07:05PM ET,NYY,0
RP,Zach Britton (11078146),Zach Britton,11078146,P,4000,TB@NYY 08/15/2018 07:05PM ET,NYY,2.02
RP,George Kontos (11078149),George Kontos,11078149,P,4000,TB@NYY 08/15/2018 07:05PM ET,NYY,1.78
RP,Dellin Betances (11078151),Dellin Betances,11078151,P,4000,TB@NYY 08/15/2018 07:05PM ET,NYY,5.06
RP,David Robertson (11078156),David Robertson,11078156,P,4000,TB@NYY 08/15/2018 07:05PM ET,NYY,4.04
RP,Evan Scribner (11078175),Evan Scribner,11078175,P,4000,TB@NYY 08/15/2018 07:05PM ET,TB,0
RP,Ryan Weber (11078192),Ryan Weber,11078192,P,4000,TB@NYY 08/15/2018 07:05PM ET,TB,1.6
RP,Vidal Nuno (11078214),Vidal Nuno,11078214,P,4000,TB@NYY 08/15/2018 07:05PM ET,TB,8.69
RP,Aroldis Chapman (11078225),Aroldis Chapman,11078225,P,4000,TB@NYY 08/15/2018 07:05PM ET,NYY,4.76
RP,Adam Kolarek (11078240),Adam Kolarek,11078240,P,4000,TB@NYY 08/15/2018 07:05PM ET,TB,1.63
SP,Chad Green (11078249),Chad Green,11078249,P,4000,TB@NYY 08/15/2018 07:05PM ET,NYY,4.33
RP,Branden Pinder (11078270),Branden Pinder,11078270,P,4000,TB@NYY 08/15/2018 07:05PM ET,NYY,0
RP,Jose Alvarado (11078285),Jose Alvarado,11078285,P,4000,TB@NYY 08/15/2018 07:05PM ET,TB,2.96
RP,Jonathan Holder (11078302),Jonathan Holder,11078302,P,4000,TB@NYY 08/15/2018 07:05PM ET,NYY,3.15
RP,Ben Heller (11078315),Ben Heller,11078315,P,4000,TB@NYY 08/15/2018 07:05PM ET,NYY,0
RP,Chih-Wei Hu (11078325),Chih-Wei Hu,11078325,P,4000,TB@NYY 08/15/2018 07:05PM ET,TB,7.9
RP,Diego Castillo (11078328),Diego Castillo,11078328,P,4000,TB@NYY 08/15/2018 07:05PM ET,TB,3.95
SP,Albert Abreu (11078332),Albert Abreu,11078332,P,4000,TB@NYY 08/15/2018 07:05PM ET,NYY,0
SP,Freicer Perez (11078353),Freicer Perez,11078353,P,4000,TB@NYY 08/15/2018 07:05PM ET,NYY,0
SP,Austin Franklin (11078384),Austin Franklin,11078384,P,4000,TB@NYY 08/15/2018 07:05PM ET,TB,0
SP,Clarke Schmidt (11078395),Clarke Schmidt,11078395,P,4000,TB@NYY 08/15/2018 07:05PM ET,NYY,0
1B,Carlos Santana (11077403),Carlos Santana,11077403,1B,4000,BOS@PHI 08/15/2018 07:05PM ET,PHI,7.45
3B,Rafael Devers (11077452),Rafael Devers,11077452,3B,4000,BOS@PHI 08/15/2018 07:05PM ET,BOS,7.26
RP,Pat Neshek (11078121),Pat Neshek,11078121,P,4000,BOS@PHI 08/15/2018 07:05PM ET,PHI,2.94
RP,Pedro Beato (11078144),Pedro Beato,11078144,P,4000,BOS@PHI 08/15/2018 07:05PM ET,PHI,0
RP,Tommy Hunter (11078163),Tommy Hunter,11078163,P,4000,BOS@PHI 08/15/2018 07:05PM ET,PHI,2.31
RP,Luis Garcia (11078177),Luis Garcia,11078177,P,4000,BOS@PHI 08/15/2018 07:05PM ET,PHI,2.56
RP,Craig Kimbrel (11078183),Craig Kimbrel,11078183,P,4000,BOS@PHI 08/15/2018 07:05PM ET,BOS,4.35
SP,Joe Kelly (11078205),Joe Kelly,11078205,P,4000,BOS@PHI 08/15/2018 07:05PM ET,BOS,2.6
RP,Aaron Loup (11078206),Aaron Loup,11078206,P,4000,BOS@PHI 08/15/2018 07:05PM ET,PHI,1.7
RP,Austin Maddox (11078216),Austin Maddox,11078216,P,4000,BOS@PHI 08/15/2018 07:05PM ET,BOS,0
RP,Matt Barnes (11078227),Matt Barnes,11078227,P,4000,BOS@PHI 08/15/2018 07:05PM ET,BOS,4.49
RP,Tyler Thornburg (11078229),Tyler Thornburg,11078229,P,4000,BOS@PHI 08/15/2018 07:05PM ET,BOS,2.31
RP,Heath Hembree (11078239),Heath Hembree,11078239,P,4000,BOS@PHI 08/15/2018 07:05PM ET,BOS,3.32
RP,Carson Smith (11078268),Carson Smith,11078268,P,4000,BOS@PHI 08/15/2018 07:05PM ET,BOS,2.68
RP,Seranthony Dominguez (11078286),Seranthony Dominguez,11078286,P,4000,BOS@PHI 08/15/2018 07:05PM ET,PHI,4.31
SP,Ty Buttrey (11078290),Ty Buttrey,11078290,P,4000,BOS@PHI 08/15/2018 07:05PM ET,BOS,0
SP,Mike Shawaryn (11078320),Mike Shawaryn,11078320,P,4000,BOS@PHI 08/15/2018 07:05PM ET,BOS,0
SP,Jake Thompson (11078323),Jake Thompson,11078323,P,4000,BOS@PHI 08/15/2018 07:05PM ET,BOS,0
RP,Victor Arano (11078327),Victor Arano,11078327,P,4000,BOS@PHI 08/15/2018 07:05PM ET,PHI,3.6
SP,Darwinzon Hernandez (11078331),Darwinzon Hernandez,11078331,P,4000,BOS@PHI 08/15/2018 07:05PM ET,BOS,0
RP,Austin Davis (11078337),Austin Davis,11078337,P,4000,BOS@PHI 08/15/2018 07:05PM ET,PHI,3.26
SP,Tanner Houck (11078338),Tanner Houck,11078338,P,4000,BOS@PHI 08/15/2018 07:05PM ET,BOS,0
SP,Franklyn Kilome (11078347),Franklyn Kilome,11078347,P,4000,BOS@PHI 08/15/2018 07:05PM ET,PHI,0
SP,Adonis Medina (11078350),Adonis Medina,11078350,P,4000,BOS@PHI 08/15/2018 07:05PM ET,PHI,0
SP,Roniel Raudes (11078351),Roniel Raudes,11078351,P,4000,BOS@PHI 08/15/2018 07:05PM ET,BOS,0
SP,Travis Lakins (11078354),Travis Lakins,11078354,P,4000,BOS@PHI 08/15/2018 07:05PM ET,BOS,0
SP,Bryan Mata (11078375),Bryan Mata,11078375,P,4000,BOS@PHI 08/15/2018 07:05PM ET,BOS,0
SP,Jason Groome (11078379),Jason Groome,11078379,P,4000,BOS@PHI 08/15/2018 07:05PM ET,BOS,0
SP,Kevin Gowdy (11078380),Kevin Gowdy,11078380,P,4000,BOS@PHI 08/15/2018 07:05PM ET,PHI,0
SP,JoJo Romero (11078382),JoJo Romero,11078382,P,4000,BOS@PHI 08/15/2018 07:05PM ET,PHI,0
OF,Melky Cabrera (11077421),Melky Cabrera,11077421,OF,3900,CLE@CIN 08/15/2018 07:10PM ET,CLE,5.18
OF,Jesse Winker (11077445),Jesse Winker,11077445,OF,3900,CLE@CIN 08/15/2018 07:10PM ET,CIN,6.71
OF,Greg Allen (11077451),Greg Allen,11077451,OF,3900,CLE@CIN 08/15/2018 07:10PM ET,CLE,4.85
OF/SS,Marwin Gonzalez (11077427),Marwin Gonzalez,11077427,SS/OF,3900,COL@HOU 08/15/2018 08:10PM ET,HOU,5.99
C,Evan Gattis (11077440),Evan Gattis,11077440,C,3900,COL@HOU 08/15/2018 08:10PM ET,HOU,6.86
1B/2B,Daniel Murphy (11077425),Daniel Murphy,11077425,1B/2B,3900,WAS@STL 08/15/2018 08:15PM ET,WAS,6.34
2B/3B,Jedd Gyorko (11077433),Jedd Gyorko,11077433,2B/3B,3900,WAS@STL 08/15/2018 08:15PM ET,STL,5.35
OF,Adam Eaton (11077439),Adam Eaton,11077439,OF,3900,WAS@STL 08/15/2018 08:15PM ET,WAS,6.74
3B/OF,Jose Bautista (11077418),Jose Bautista,11077418,3B/OF,3900,NYM@BAL 08/15/2018 07:05PM ET,NYM,5.75
OF,Adam Jones (11077422),Adam Jones,11077422,OF,3900,NYM@BAL 08/15/2018 07:05PM ET,BAL,6.89
SS,Amed Rosario (11077447),Amed Rosario,11077447,SS,3900,NYM@BAL 08/15/2018 07:05PM ET,NYM,5.71
C,Russell Martin (11077420),Russell Martin,11077420,C,3900,TOR@KC 08/15/2018 08:15PM ET,TOR,5.92
1B,Lucas Duda (11077429),Lucas Duda,11077429,1B,3900,TOR@KC 08/15/2018 08:15PM ET,KC,6.48
2B/OF,Whit Merrifield (11077435),Whit Merrifield,11077435,2B/OF,3900,TOR@KC 08/15/2018 08:15PM ET,KC,8.11
OF,Kevin Pillar (11077441),Kevin Pillar,11077441,OF,3900,TOR@KC 08/15/2018 08:15PM ET,TOR,6.64
OF,Brett Phillips (11077446),Brett Phillips,11077446,OF,3900,TOR@KC 08/15/2018 08:15PM ET,KC,4.04
2B/3B,Cory Spangenberg (11077442),Cory Spangenberg,11077442,2B/3B,3900,LAA@SD 08/15/2018 09:10PM ET,SD,4.72
OF/SS,Kike Hernandez (11077431),Kike Hernandez,11077431,SS/OF,3900,SF@LAD 08/15/2018 10:10PM ET,LAD,5.4
2B/OF,Alen Hanson (11077437),Alen Hanson,11077437,2B/OF,3900,SF@LAD 08/15/2018 10:10PM ET,SF,5.96
OF,Austin Meadows (11077448),Austin Meadows,11077448,OF,3900,TB@NYY 08/15/2018 07:05PM ET,TB,5.96
2B,Gleyber Torres (11077453),Gleyber Torres,11077453,2B,3900,TB@NYY 08/15/2018 07:05PM ET,NYY,7.73
2B/3B,Eduardo Nunez (11077423),Eduardo Nunez,11077423,2B/3B,3900,BOS@PHI 08/15/2018 07:05PM ET,BOS,6.35
3B/SS,J.P. Crawford (11077449),J.P. Crawford,11077449,3B/SS,3900,BOS@PHI 08/15/2018 07:05PM ET,PHI,4.97
2B,Starlin Castro (11077460),Starlin Castro,11077460,2B,3800,MIA@ATL 08/15/2018 07:35PM ET,MIA,6.94
3B/OF,Brian Anderson (11077470),Brian Anderson,11077470,3B/OF,3800,MIA@ATL 08/15/2018 07:35PM ET,MIA,7.31
OF,Rajai Davis (11077454),Rajai Davis,11077454,OF,3800,CLE@CIN 08/15/2018 07:10PM ET,CLE,4.27
C,Yan Gomes (11077462),Yan Gomes,11077462,C,3800,CLE@CIN 08/15/2018 07:10PM ET,CLE,6.46
2B/3B,Erik Gonzalez (11077464),Erik Gonzalez,11077464,2B/3B,3800,CLE@CIN 08/15/2018 07:10PM ET,CLE,3.54
3B,Yandy Diaz (11077473),Yandy Diaz,11077473,3B,3800,CLE@CIN 08/15/2018 07:10PM ET,CLE,10
1B/3B,Mark Reynolds (11077455),Mark Reynolds,11077455,1B/3B,3800,WAS@STL 08/15/2018 08:15PM ET,WAS,5.95
OF,Michael A. Taylor (11077461),Michael A. Taylor,11077461,OF,3800,WAS@STL 08/15/2018 08:15PM ET,WAS,5.99
3B,Renato Nunez (11077469),Renato Nunez,11077469,3B,3800,NYM@BAL 08/15/2018 07:05PM ET,BAL,5.22
2B,Jeff McNeil (11077472),Jeff McNeil,11077472,2B,3800,NYM@BAL 08/15/2018 07:05PM ET,NYM,5.61
OF,Brian Goodwin (11077463),Brian Goodwin,11077463,OF,3800,TOR@KC 08/15/2018 08:15PM ET,KC,3.55
SS,Freddy Galvis (11077459),Freddy Galvis,11077459,SS,3800,LAA@SD 08/15/2018 09:10PM ET,SD,6.01
C,Gary Sanchez (11077467),Gary Sanchez,11077467,C,3800,TB@NYY 08/15/2018 07:05PM ET,NYY,7.39
1B,Ji-Man Choi (11077468),Ji-Man Choi,11077468,1B,3800,TB@NYY 08/15/2018 07:05PM ET,TB,5.67
2B/OF,Trevor Plouffe (11077457),Trevor Plouffe,11077457,2B/OF,3800,BOS@PHI 08/15/2018 07:05PM ET,PHI,3.43
3B,Maikel Franco (11077466),Maikel Franco,11077466,3B,3800,BOS@PHI 08/15/2018 07:05PM ET,PHI,6.76
OF,Billy Hamilton (11077481),Billy Hamilton,11077481,OF,3700,CLE@CIN 08/15/2018 07:10PM ET,CIN,6.2
OF,Scott Schebler (11077485),Scott Schebler,11077485,OF,3700,CLE@CIN 08/15/2018 07:10PM ET,CIN,7.51
OF,Josh Reddick (11077478),Josh Reddick,11077478,OF,3700,COL@HOU 08/15/2018 08:10PM ET,HOU,6.58
OF,Jake Marisnick (11077482),Jake Marisnick,11077482,OF,3700,COL@HOU 08/15/2018 08:10PM ET,HOU,4.34
C,Tom Murphy (11077486),Tom Murphy,11077486,C,3700,COL@HOU 08/15/2018 08:10PM ET,COL,4.23
OF,Tony Kemp (11077487),Tony Kemp,11077487,OF,3700,COL@HOU 08/15/2018 08:10PM ET,HOU,6.14
OF,Marcell Ozuna (11077484),Marcell Ozuna,11077484,OF,3700,WAS@STL 08/15/2018 08:15PM ET,STL,6.88
C,Devin Mesoraco (11077479),Devin Mesoraco,11077479,C,3700,NYM@BAL 08/15/2018 07:05PM ET,NYM,5.07
1B/OF,Trey Mancini (11077488),Trey Mancini,11077488,1B/OF,3700,NYM@BAL 08/15/2018 07:05PM ET,BAL,6.23
2B/SS,Lourdes Gurriel Jr. (11077491),Lourdes Gurriel Jr.,11077491,2B/SS,3700,TOR@KC 08/15/2018 08:15PM ET,TOR,7.53
3B,Vladimir Guerrero Jr. (11077623),Vladimir Guerrero Jr.,11077623,3B,3700,TOR@KC 08/15/2018 08:15PM ET,TOR,0
C,Francisco Arcia (11077474),Francisco Arcia,11077474,C,3700,LAA@SD 08/15/2018 09:10PM ET,LAA,8.33
1B,Albert Pujols (11077475),Albert Pujols,11077475,1B,3700,LAA@SD 08/15/2018 09:10PM ET,LAA,7.01
3B,Evan Longoria (11077476),Evan Longoria,11077476,3B,3700,SF@LAD 08/15/2018 10:10PM ET,SF,6.8
OF,Steven Duggar (11077490),Steven Duggar,11077490,OF,3700,SF@LAD 08/15/2018 10:10PM ET,SF,7.18
OF,Tommy Pham (11077477),Tommy Pham,11077477,OF,3700,TB@NYY 08/15/2018 07:05PM ET,TB,7.45
1B,Luke Voit (11077483),Luke Voit,11077483,1B,3700,TB@NYY 08/15/2018 07:05PM ET,NYY,3.38
1B,Greg Bird (11077538),Greg Bird,11077538,1B,3700,TB@NYY 08/15/2018 07:05PM ET,NYY,6.02
C,Kurt Suzuki (11077498),Kurt Suzuki,11077498,C,3600,MIA@ATL 08/15/2018 07:35PM ET,ATL,6.27
3B/SS,Miguel Rojas (11077507),Miguel Rojas,11077507,3B/SS,3600,MIA@ATL 08/15/2018 07:35PM ET,MIA,5.28
2B/OF,Dilson Herrera (11077510),Dilson Herrera,11077510,2B/OF,3600,CLE@CIN 08/15/2018 07:10PM ET,CIN,2.59
1B/3B,J.D. Davis (11077512),J.D. Davis,11077512,1B/3B,3600,COL@HOU 08/15/2018 08:10PM ET,HOU,3.33
2B/SS,Garrett Hampson (11077520),Garrett Hampson,11077520,2B/SS,3600,COL@HOU 08/15/2018 08:10PM ET,COL,6.29
1B,Yuli Gurriel (11077522),Yuli Gurriel,11077522,1B,3600,COL@HOU 08/15/2018 08:10PM ET,HOU,7.04
OF,Dexter Fowler (11077499),Dexter Fowler,11077499,OF,3600,WAS@STL 08/15/2018 08:15PM ET,STL,5.34
2B/SS,Yairo Munoz (11077516),Yairo Munoz,11077516,2B/SS,3600,WAS@STL 08/15/2018 08:15PM ET,STL,5.45
OF,Tyler O'Neill (11077518),Tyler O'Neill,11077518,OF,3600,WAS@STL 08/15/2018 08:15PM ET,STL,5.35
3B/SS,Jose Reyes (11077493),Jose Reyes,11077493,3B/SS,3600,NYM@BAL 08/15/2018 07:05PM ET,NYM,3.17
3B/OF,Danny Valencia (11077501),Danny Valencia,11077501,3B/OF,3600,NYM@BAL 08/15/2018 07:05PM ET,BAL,5.65
C,Kevin Plawecki (11077514),Kevin Plawecki,11077514,C,3600,NYM@BAL 08/15/2018 07:05PM ET,NYM,5.42
OF,Yoenis Cespedes (11077515),Yoenis Cespedes,11077515,OF,3600,NYM@BAL 08/15/2018 07:05PM ET,NYM,8.6
C,Salvador Perez (11077503),Salvador Perez,11077503,C,3600,TOR@KC 08/15/2018 08:15PM ET,KC,6.86
2B/3B,Yangervis Solarte (11077504),Yangervis Solarte,11077504,2B/3B,3600,TOR@KC 08/15/2018 08:15PM ET,TOR,6.68
C,Danny Jansen (11077519),Danny Jansen,11077519,C,3600,TOR@KC 08/15/2018 08:15PM ET,TOR,6
1B,Ryan O'Hearn (11077523),Ryan O'Hearn,11077523,1B,3600,TOR@KC 08/15/2018 08:15PM ET,KC,7
OF,Matt Kemp (11077495),Matt Kemp,11077495,OF,3600,SF@LAD 08/15/2018 10:10PM ET,LAD,6.73
C,Nick Hundley (11077500),Nick Hundley,11077500,C,3600,SF@LAD 08/15/2018 10:10PM ET,SF,5.62
SS,Brandon Crawford (11077506),Brandon Crawford,11077506,SS,3600,SF@LAD 08/15/2018 10:10PM ET,SF,6.81
1B/2B,Neil Walker (11077496),Neil Walker,11077496,1B/2B,3600,TB@NYY 08/15/2018 07:05PM ET,NYY,5.21
OF,Kevin Kiermaier (11077509),Kevin Kiermaier,11077509,OF,3600,TB@NYY 08/15/2018 07:05PM ET,TB,6.41
OF,Rafael Ortega (11077535),Rafael Ortega,11077535,OF,3500,MIA@ATL 08/15/2018 07:35PM ET,MIA,5.6
OF,Adam Duvall (11077536),Adam Duvall,11077536,OF,3500,MIA@ATL 08/15/2018 07:35PM ET,ATL,5.66
OF,Preston Tucker (11077537),Preston Tucker,11077537,OF,3500,CLE@CIN 08/15/2018 07:10PM ET,CIN,3.61
C,Tucker Barnhart (11077548),Tucker Barnhart,11077548,C,3500,CLE@CIN 08/15/2018 07:10PM ET,CIN,5.84
1B/OF,Matt Holliday (11077524),Matt Holliday,11077524,1B/OF,3500,COL@HOU 08/15/2018 08:10PM ET,COL,0
2B,DJ LeMahieu (11077530),DJ LeMahieu,11077530,2B,3500,COL@HOU 08/15/2018 08:10PM ET,COL,8
1B/2B,Ryan McMahon (11077540),Ryan McMahon,11077540,1B/2B,3500,COL@HOU 08/15/2018 08:10PM ET,COL,3.71
2B,Jonathan Villar (11077533),Jonathan Villar,11077533,2B,3500,NYM@BAL 08/15/2018 07:05PM ET,BAL,5.63
3B,Christian Villanueva (11077534),Christian Villanueva,11077534,3B,3500,LAA@SD 08/15/2018 09:10PM ET,SD,6.31
OF,Manuel Margot (11077539),Manuel Margot,11077539,OF,3500,LAA@SD 08/15/2018 09:10PM ET,SD,6.22
1B/3B,Pablo Sandoval (11077526),Pablo Sandoval,11077526,1B/3B,3500,SF@LAD 08/15/2018 10:10PM ET,SF,4.62
OF,Alex Verdugo (11077542),Alex Verdugo,11077542,OF,3500,SF@LAD 08/15/2018 10:10PM ET,LAD,6.36
C,Austin Romine (11077529),Austin Romine,11077529,C,3500,TB@NYY 08/15/2018 07:05PM ET,NYY,6.39
C,Wilson Ramos (11077528),Wilson Ramos,11077528,C,3500,BOS@PHI 08/15/2018 07:05PM ET,PHI,7.65
2B/SS,Brock Holt (11077531),Brock Holt,11077531,2B/SS,3500,BOS@PHI 08/15/2018 07:05PM ET,BOS,5.7
C,Tyler Flowers (11077544),Tyler Flowers,11077544,C,3400,MIA@ATL 08/15/2018 07:35PM ET,ATL,6.02
SS,Dansby Swanson (11077572),Dansby Swanson,11077572,SS,3400,MIA@ATL 08/15/2018 07:35PM ET,ATL,6.23
OF,Tyler Naquin (11077549),Tyler Naquin,11077549,OF,3400,CLE@CIN 08/15/2018 07:10PM ET,CLE,4.66
OF,Raimel Tapia (11077557),Raimel Tapia,11077557,OF,3400,COL@HOU 08/15/2018 08:10PM ET,COL,3.21
2B/3B,Wilmer Difo (11077555),Wilmer Difo,11077555,2B/3B,3400,WAS@STL 08/15/2018 08:15PM ET,WAS,4.66
2B/3B,Breyvic Valera (11077551),Breyvic Valera,11077551,2B/3B,3400,NYM@BAL 08/15/2018 07:05PM ET,BAL,2.1
1B,Kendrys Morales (11077543),Kendrys Morales,11077543,1B,3400,TOR@KC 08/15/2018 08:15PM ET,TOR,5.94
OF,Darnell Sweeney (11077550),Darnell Sweeney,11077550,OF,3400,TOR@KC 08/15/2018 08:15PM ET,TOR,2
1B/3B,Jefry Marte (11077546),Jefry Marte,11077546,1B/3B,3400,LAA@SD 08/15/2018 09:10PM ET,LAA,3.16
2B/3B,Kaleb Cowart (11077553),Kaleb Cowart,11077553,2B/3B,3400,LAA@SD 08/15/2018 09:10PM ET,LAA,3.35
OF,Gorkys Hernandez (11077545),Gorkys Hernandez,11077545,OF,3400,SF@LAD 08/15/2018 10:10PM ET,SF,5.71
1B/OF,Austin Slater (11077560),Austin Slater,11077560,1B/OF,3400,SF@LAD 08/15/2018 10:10PM ET,SF,5.47
OF,Clint Frazier (11077563),Clint Frazier,11077563,OF,3400,TB@NYY 08/15/2018 07:05PM ET,NYY,4.47
C/OF,Blake Swihart (11077558),Blake Swihart,11077558,C/OF,3400,BOS@PHI 08/15/2018 07:05PM ET,BOS,3.33
OF,Dylan Cozens (11077562),Dylan Cozens,11077562,OF,3400,BOS@PHI 08/15/2018 07:05PM ET,PHI,1.79
OF,Magneuris Sierra (11077575),Magneuris Sierra,11077575,OF,3300,MIA@ATL 08/15/2018 07:35PM ET,MIA,2.44
1B/OF,Garrett Cooper (11077576),Garrett Cooper,11077576,1B/OF,3300,MIA@ATL 08/15/2018 07:35PM ET,MIA,2.93
C,Max Stassi (11077568),Max Stassi,11077568,C,3300,COL@HOU 08/15/2018 08:10PM ET,HOU,5.39
2B,Kolten Wong (11077567),Kolten Wong,11077567,2B,3300,WAS@STL 08/15/2018 08:15PM ET,STL,4.71
3B/SS,Tim Beckham (11077565),Tim Beckham,11077565,3B/SS,3300,NYM@BAL 08/15/2018 07:05PM ET,BAL,6.11
OF,Matt den Dekker (11077569),Matt den Dekker,11077569,OF,3300,NYM@BAL 08/15/2018 07:05PM ET,NYM,0.75
2B/3B,Luis Guillorme (11077579),Luis Guillorme,11077579,2B/3B,3300,NYM@BAL 08/15/2018 07:05PM ET,NYM,2.37
1B,Peter Alonso (11077581),Peter Alonso,11077581,1B,3300,NYM@BAL 08/15/2018 07:05PM ET,NYM,0
OF,Jorge Bonifacio (11077570),Jorge Bonifacio,11077570,OF,3300,TOR@KC 08/15/2018 08:15PM ET,KC,5.56
3B/SS,Richard Urena (11077573),Richard Urena,11077573,3B/SS,3300,TOR@KC 08/15/2018 08:15PM ET,TOR,2.69
OF,Franmil Reyes (11077571),Franmil Reyes,11077571,OF,3300,LAA@SD 08/15/2018 09:10PM ET,SD,5.46
C,Kyle Higashioka (11077480),Kyle Higashioka,11077480,C,3300,TB@NYY 08/15/2018 07:05PM ET,NYY,4.41
2B,Tyler Wade (11077578),Tyler Wade,11077578,2B,3300,TB@NYY 08/15/2018 07:05PM ET,NYY,3.12
SS,JT Riddle (11077589),JT Riddle,11077589,SS,3200,MIA@ATL 08/15/2018 07:35PM ET,MIA,4.34
OF,Mason Williams (11077585),Mason Williams,11077585,OF,3200,CLE@CIN 08/15/2018 07:10PM ET,CIN,4.94
OF,Noel Cuevas (11077588),Noel Cuevas,11077588,OF,3200,COL@HOU 08/15/2018 08:10PM ET,COL,2.92
1B,Patrick Wisdom (11077564),Patrick Wisdom,11077564,1B,3200,WAS@STL 08/15/2018 08:15PM ET,STL,8.5
C,Matt Wieters (11077583),Matt Wieters,11077583,C,3200,WAS@STL 08/15/2018 08:15PM ET,WAS,4.96
3B,Matt Reynolds (11077591),Matt Reynolds,11077591,3B,3200,WAS@STL 08/15/2018 08:15PM ET,WAS,1
3B/OF,Jace Peterson (11077593),Jace Peterson,11077593,3B/OF,3200,NYM@BAL 08/15/2018 07:05PM ET,BAL,4.66
SS,Troy Tulowitzki (11077582),Troy Tulowitzki,11077582,SS,3200,TOR@KC 08/15/2018 08:15PM ET,TOR,0
2B/3B,Brandon Drury (11077586),Brandon Drury,11077586,2B/3B,3200,TOR@KC 08/15/2018 08:15PM ET,TOR,3.92
OF,Dwight Smith Jr. (11077592),Dwight Smith Jr.,11077592,OF,3200,TOR@KC 08/15/2018 08:15PM ET,TOR,4.28
OF,Jorge Soler (11077597),Jorge Soler,11077597,OF,3200,TOR@KC 08/15/2018 08:15PM ET,KC,7.62
1B/3B,Hunter Dozier (11077619),Hunter Dozier,11077619,1B/3B,3200,TOR@KC 08/15/2018 08:15PM ET,KC,4.77
OF,Jabari Blash (11077584),Jabari Blash,11077584,OF,3200,LAA@SD 08/15/2018 09:10PM ET,LAA,1.14
2B/3B,David Fletcher (11077600),David Fletcher,11077600,2B/3B,3200,LAA@SD 08/15/2018 09:10PM ET,LAA,5
2B/SS,Daniel Robertson (11077595),Daniel Robertson,11077595,2B/SS,3200,TB@NYY 08/15/2018 07:05PM ET,TB,6.81
C,Jorge Alfaro (11077590),Jorge Alfaro,11077590,C,3200,BOS@PHI 08/15/2018 07:05PM ET,PHI,5.3
2B/SS,Tzu-Wei Lin (11077598),Tzu-Wei Lin,11077598,2B/SS,3200,BOS@PHI 08/15/2018 07:05PM ET,BOS,2.3
OF,Lonnie Chisenhall (11077607),Lonnie Chisenhall,11077607,OF,3100,CLE@CIN 08/15/2018 07:10PM ET,CLE,5.86
OF,Brandon Guyer (11077609),Brandon Guyer,11077609,OF,3100,CLE@CIN 08/15/2018 07:10PM ET,CLE,3.67
C,Tim Federowicz (11077612),Tim Federowicz,11077612,C,3100,CLE@CIN 08/15/2018 07:10PM ET,CIN,4.1
1B,Ian Desmond (11077603),Ian Desmond,11077603,1B,3100,COL@HOU 08/15/2018 08:10PM ET,COL,7.44
OF,Gerardo Parra (11077608),Gerardo Parra,11077608,OF,3100,COL@HOU 08/15/2018 08:10PM ET,COL,5.78
OF,Adolis Garcia (11077602),Adolis Garcia,11077602,OF,3100,WAS@STL 08/15/2018 08:15PM ET,STL,0.6
OF,Victor Robles (11077621),Victor Robles,11077621,OF,3100,WAS@STL 08/15/2018 08:15PM ET,WAS,0
OF,Austin Hays (11077622),Austin Hays,11077622,OF,3100,NYM@BAL 08/15/2018 07:05PM ET,BAL,0
OF,Alex Gordon (11077606),Alex Gordon,11077606,OF,3100,TOR@KC 08/15/2018 08:15PM ET,KC,5.57
OF,Eric Young Jr. (11077604),Eric Young Jr.,11077604,OF,3100,LAA@SD 08/15/2018 09:10PM ET,LAA,5.62
2B/OF,Jose Pirela (11077613),Jose Pirela,11077613,2B/OF,3100,LAA@SD 08/15/2018 09:10PM ET,SD,5.21
C,Jose Briceno (11077615),Jose Briceno,11077615,C,3100,LAA@SD 08/15/2018 09:10PM ET,LAA,4.6
2B/3B,Chase d'Arnaud (11077610),Chase d'Arnaud,11077610,2B/3B,3100,SF@LAD 08/15/2018 10:10PM ET,SF,4.86
2B,Joe Panik (11077616),Joe Panik,11077616,2B,3100,SF@LAD 08/15/2018 10:10PM ET,SF,5.42
2B/SS,Kelby Tomlinson (11077617),Kelby Tomlinson,11077617,2B/SS,3100,SF@LAD 08/15/2018 10:10PM ET,SF,3.02
OF,Jacoby Ellsbury (11077605),Jacoby Ellsbury,11077605,OF,3100,TB@NYY 08/15/2018 07:05PM ET,NYY,0
OF,Lane Adams (11077634),Lane Adams,11077634,OF,3000,MIA@ATL 08/15/2018 07:35PM ET,ATL,3
3B,Rio Ruiz (11077643),Rio Ruiz,11077643,3B,3000,MIA@ATL 08/15/2018 07:35PM ET,ATL,0
OF,Ben Revere (11077631),Ben Revere,11077631,OF,3000,CLE@CIN 08/15/2018 07:10PM ET,CIN,0
C,Curt Casali (11077637),Curt Casali,11077637,C,3000,CLE@CIN 08/15/2018 07:10PM ET,CIN,5.43
OF,Bradley Zimmer (11077640),Bradley Zimmer,11077640,OF,3000,CLE@CIN 08/15/2018 07:10PM ET,CLE,5.24
1B,Bobby Bradley (11077648),Bobby Bradley,11077648,1B,3000,CLE@CIN 08/15/2018 07:10PM ET,CLE,0
3B,Nick Senzel (11077650),Nick Senzel,11077650,3B,3000,CLE@CIN 08/15/2018 07:10PM ET,CIN,0
OF,Jay Bruce (11077629),Jay Bruce,11077629,OF,3000,NYM@BAL 08/15/2018 07:05PM ET,NYM,5.02
1B,Chris Davis (11077630),Chris Davis,11077630,1B,3000,NYM@BAL 08/15/2018 07:05PM ET,BAL,5.28
OF,Joey Rickard (11077642),Joey Rickard,11077642,OF,3000,NYM@BAL 08/15/2018 07:05PM ET,BAL,5.28
OF,Yusniel Diaz (11077651),Yusniel Diaz,11077651,OF,3000,NYM@BAL 08/15/2018 07:05PM ET,BAL,0
C,Luke Maile (11077635),Luke Maile,11077635,C,3000,TOR@KC 08/15/2018 08:15PM ET,TOR,5.6
1B/3B,Luis Valbuena (11077627),Luis Valbuena,11077627,1B/3B,3000,LAA@SD 08/15/2018 09:10PM ET,LAA,4.24
2B/3B,Zack Cozart (11077632),Zack Cozart,11077632,2B/3B,3000,LAA@SD 08/15/2018 09:10PM ET,LAA,6.28
OF,Alex Dickerson (11077636),Alex Dickerson,11077636,OF,3000,LAA@SD 08/15/2018 09:10PM ET,SD,0
2B,Carlos Asuaje (11077645),Carlos Asuaje,11077645,2B,3000,LAA@SD 08/15/2018 09:10PM ET,SD,3.59
1B,Jose Fernandez (11077646),Jose Fernandez,11077646,1B,3000,LAA@SD 08/15/2018 09:10PM ET,LAA,3.71
2B,Luis Urias (11077647),Luis Urias,11077647,2B,3000,LAA@SD 08/15/2018 09:10PM ET,SD,0
SS,Fernando Tatis Jr. (11077652),Fernando Tatis Jr.,11077652,SS,3000,LAA@SD 08/15/2018 09:10PM ET,SD,0
OF,Hunter Pence (11077625),Hunter Pence,11077625,OF,3000,SF@LAD 08/15/2018 10:10PM ET,SF,3.16
OF,Mac Williamson (11077641),Mac Williamson,11077641,OF,3000,SF@LAD 08/15/2018 10:10PM ET,SF,6.18
1B,Chris Shaw (11077644),Chris Shaw,11077644,1B,3000,SF@LAD 08/15/2018 10:10PM ET,SF,0
C,Michael Perez (11077624),Michael Perez,11077624,C,3000,TB@NYY 08/15/2018 07:05PM ET,TB,6.27
2B,Dustin Pedroia (11077626),Dustin Pedroia,11077626,2B,3000,BOS@PHI 08/15/2018 07:05PM ET,BOS,3
C,Andrew Knapp (11077638),Andrew Knapp,11077638,C,3000,BOS@PHI 08/15/2018 07:05PM ET,PHI,4
3B,Mitch Walding (11077639),Mitch Walding,11077639,3B,3000,BOS@PHI 08/15/2018 07:05PM ET,PHI,0.4
SS,Scott Kingery (11077649),Scott Kingery,11077649,SS,3000,BOS@PHI 08/15/2018 07:05PM ET,PHI,5.09
OF,Isaac Galloway (11077653),Isaac Galloway,11077653,OF,2900,MIA@ATL 08/15/2018 07:35PM ET,MIA,2
3B,Martin Prado (11077657),Martin Prado,11077657,3B,2900,MIA@ATL 08/15/2018 07:35PM ET,MIA,4.81
2B,Christopher Bostick (11077672),Christopher Bostick,11077672,2B,2900,MIA@ATL 08/15/2018 07:35PM ET,MIA,0.67
OF,Lewis Brinson (11077674),Lewis Brinson,11077674,OF,2900,MIA@ATL 08/15/2018 07:35PM ET,MIA,4.87
3B,Austin Riley (11077679),Austin Riley,11077679,3B,2900,MIA@ATL 08/15/2018 07:35PM ET,ATL,0
OF,Taylor Trammell (11077680),Taylor Trammell,11077680,OF,2900,CLE@CIN 08/15/2018 07:10PM ET,CIN,0
C,Martin Maldonado (11077659),Martin Maldonado,11077659,C,2900,COL@HOU 08/15/2018 08:10PM ET,HOU,4.92
C,Francisco Pena (11077660),Francisco Pena,11077660,C,2900,WAS@STL 08/15/2018 08:15PM ET,STL,2.93
3B,David Wright (11077656),David Wright,11077656,3B,2900,NYM@BAL 08/15/2018 07:05PM ET,NYM,0
3B/SS,Phillip Evans (11077670),Phillip Evans,11077670,3B/SS,2900,NYM@BAL 08/15/2018 07:05PM ET,NYM,1.47
SS,Gavin Cecchini (11077673),Gavin Cecchini,11077673,SS,2900,NYM@BAL 08/15/2018 07:05PM ET,NYM,0
C,Austin Wynns (11077676),Austin Wynns,11077676,C,2900,NYM@BAL 08/15/2018 07:05PM ET,BAL,5.05
SS,Ryan Mountcastle (11077678),Ryan Mountcastle,11077678,SS,2900,NYM@BAL 08/15/2018 07:05PM ET,BAL,0
SS,Alcides Escobar (11077658),Alcides Escobar,11077658,SS,2900,TOR@KC 08/15/2018 08:15PM ET,KC,4.62
OF,Rosell Herrera (11077665),Rosell Herrera,11077665,OF,2900,TOR@KC 08/15/2018 08:15PM ET,KC,4.65
OF,Dalton Pompey (11077666),Dalton Pompey,11077666,OF,2900,TOR@KC 08/15/2018 08:15PM ET,TOR,1.6
OF,Anthony Alford (11077675),Anthony Alford,11077675,OF,2900,TOR@KC 08/15/2018 08:15PM ET,TOR,3
SS,Bo Bichette (11077681),Bo Bichette,11077681,SS,2900,TOR@KC 08/15/2018 08:15PM ET,TOR,0
3B/OF,Rob Segedin (11077663),Rob Segedin,11077663,3B/OF,2900,SF@LAD 08/15/2018 10:10PM ET,LAD,0
C,Austin Barnes (11077667),Austin Barnes,11077667,C,2900,SF@LAD 08/15/2018 10:10PM ET,LAD,3.17
1B/OF,O'Koyea Dickson (11077668),O'Koyea Dickson,11077668,1B/OF,2900,SF@LAD 08/15/2018 10:10PM ET,LAD,0
2B/OF,Brandon Lowe (11077654),Brandon Lowe,11077654,2B/OF,2900,TB@NYY 08/15/2018 07:05PM ET,TB,1
OF,Estevan Florial (11077677),Estevan Florial,11077677,OF,2900,TB@NYY 08/15/2018 07:05PM ET,NYY,0
C,Sandy Leon (11077661),Sandy Leon,11077661,C,2900,BOS@PHI 08/15/2018 07:05PM ET,BOS,4.66
C,Daniel Butler (11077662),Daniel Butler,11077662,C,2900,BOS@PHI 08/15/2018 07:05PM ET,BOS,2.5
OF,Danny Santana (11077689),Danny Santana,11077689,OF,2800,MIA@ATL 08/15/2018 07:35PM ET,ATL,3.07
C,Bryan Holaday (11077690),Bryan Holaday,11077690,C,2800,MIA@ATL 08/15/2018 07:35PM ET,MIA,2.94
OF,Monte Harrison (11077712),Monte Harrison,11077712,OF,2800,MIA@ATL 08/15/2018 07:35PM ET,MIA,0
C,Roberto Perez (11077685),Roberto Perez,11077685,C,2800,CLE@CIN 08/15/2018 07:10PM ET,CLE,3.51
1B/OF,Brandon Dixon (11077708),Brandon Dixon,11077708,1B/OF,2800,CLE@CIN 08/15/2018 07:10PM ET,CIN,1.86
C,Chris Iannetta (11077683),Chris Iannetta,11077683,C,2800,COL@HOU 08/15/2018 08:10PM ET,COL,5.35
C,Tony Wolters (11077695),Tony Wolters,11077695,C,2800,COL@HOU 08/15/2018 08:10PM ET,COL,4.1
2B/SS,Greg Garcia (11077693),Greg Garcia,11077693,2B/SS,2800,WAS@STL 08/15/2018 08:15PM ET,STL,2.56
C,Raudy Read (11077697),Raudy Read,11077697,C,2800,WAS@STL 08/15/2018 08:15PM ET,WAS,0
C,Spencer Kieboom (11077701),Spencer Kieboom,11077701,C,2800,WAS@STL 08/15/2018 08:15PM ET,WAS,3.13
C,Caleb Joseph (11077686),Caleb Joseph,11077686,C,2800,NYM@BAL 08/15/2018 07:05PM ET,BAL,4.84
OF,Jaycob Brugman (11077696),Jaycob Brugman,11077696,OF,2800,NYM@BAL 08/15/2018 07:05PM ET,BAL,0
2B/3B,T.J. Rivera (11077698),T.J. Rivera,11077698,2B/3B,2800,NYM@BAL 08/15/2018 07:05PM ET,NYM,0
1B/OF,Dominic Smith (11077705),Dominic Smith,11077705,1B/OF,2800,NYM@BAL 08/15/2018 07:05PM ET,NYM,2.89
C,A.J. Ellis (11077682),A.J. Ellis,11077682,C,2800,LAA@SD 08/15/2018 09:10PM ET,SD,4.59
C,Francisco Mejia (11077711),Francisco Mejia,11077711,C,2800,LAA@SD 08/15/2018 09:10PM ET,SD,4
3B,Kyle Farmer (11077700),Kyle Farmer,11077700,3B,2800,SF@LAD 08/15/2018 10:10PM ET,LAD,2.66
2B,Miguel Gomez (11077702),Miguel Gomez,11077702,2B,2800,SF@LAD 08/15/2018 10:10PM ET,SF,2.22
3B,Ryder Jones (11077707),Ryder Jones,11077707,3B,2800,SF@LAD 08/15/2018 10:10PM ET,SF,14
OF,Tim Locastro (11077710),Tim Locastro,11077710,OF,2800,SF@LAD 08/15/2018 10:10PM ET,LAD,2.62
C,Adam Moore (11077684),Adam Moore,11077684,C,2800,TB@NYY 08/15/2018 07:05PM ET,TB,2.5
2B/SS,Ronald Torreyes (11077691),Ronald Torreyes,11077691,2B/SS,2800,TB@NYY 08/15/2018 07:05PM ET,NYY,4.38
C,Christian Vazquez (11077687),Christian Vazquez,11077687,C,2800,BOS@PHI 08/15/2018 07:05PM ET,BOS,4.42
OF,Aaron Altherr (11077688),Aaron Altherr,11077688,OF,2800,BOS@PHI 08/15/2018 07:05PM ET,PHI,4.02
2B/3B,Jesmuel Valentin (11077703),Jesmuel Valentin,11077703,2B/3B,2800,BOS@PHI 08/15/2018 07:05PM ET,PHI,2.39
3B,Ryan Flaherty (11077722),Ryan Flaherty,11077722,3B,2700,MIA@ATL 08/15/2018 07:35PM ET,ATL,3.29
OF,Jaff Decker (11077723),Jaff Decker,11077723,OF,2700,MIA@ATL 08/15/2018 07:35PM ET,ATL,0
2B,Johnny Giavotella (11077724),Johnny Giavotella,11077724,2B,2700,MIA@ATL 08/15/2018 07:35PM ET,MIA,0
1B,Tomas Telis (11077725),Tomas Telis,11077725,1B,2700,MIA@ATL 08/15/2018 07:35PM ET,MIA,1.3
C,Rob Brantly (11077728),Rob Brantly,11077728,C,2700,MIA@ATL 08/15/2018 07:35PM ET,ATL,0
C,Brian McCann (11077716),Brian McCann,11077716,C,2700,COL@HOU 08/15/2018 08:10PM ET,HOU,4.78
1B/OF,Stephen Cardullo (11077726),Stephen Cardullo,11077726,1B/OF,2700,COL@HOU 08/15/2018 08:10PM ET,COL,0
1B,AJ Reed (11077731),AJ Reed,11077731,1B,2700,COL@HOU 08/15/2018 08:10PM ET,HOU,0
OF,Mike Tauchman (11077737),Mike Tauchman,11077737,OF,2700,COL@HOU 08/15/2018 08:10PM ET,COL,1.62
OF,Alex Presley (11077718),Alex Presley,11077718,OF,2700,NYM@BAL 08/15/2018 07:05PM ET,BAL,0
OF,Craig Gentry (11077719),Craig Gentry,11077719,OF,2700,NYM@BAL 08/15/2018 07:05PM ET,BAL,3.59
1B/3B,Pedro Alvarez (11077720),Pedro Alvarez,11077720,1B/3B,2700,NYM@BAL 08/15/2018 07:05PM ET,BAL,4.98
SS,Jack Reinheimer (11077729),Jack Reinheimer,11077729,SS,2700,NYM@BAL 08/15/2018 07:05PM ET,NYM,0
OF,Bubba Starling (11077730),Bubba Starling,11077730,OF,2700,TOR@KC 08/15/2018 08:15PM ET,KC,0
OF,Billy McKinney (11077734),Billy McKinney,11077734,OF,2700,TOR@KC 08/15/2018 08:15PM ET,TOR,1.5
OF,Franchy Cordero (11077733),Franchy Cordero,11077733,OF,2700,LAA@SD 08/15/2018 09:10PM ET,SD,7.3
OF,Michael Hermosillo (11077738),Michael Hermosillo,11077738,OF,2700,LAA@SD 08/15/2018 09:10PM ET,LAA,2
2B,Chase Utley (11077713),Chase Utley,11077713,2B,2700,SF@LAD 08/15/2018 10:10PM ET,LAD,3.55
OF,Franklin Gutierrez (11077714),Franklin Gutierrez,11077714,OF,2700,SF@LAD 08/15/2018 10:10PM ET,LAD,0
OF,Gregor Blanco (11077715),Gregor Blanco,11077715,OF,2700,SF@LAD 08/15/2018 10:10PM ET,SF,4.38
OF,Shane Robinson (11077717),Shane Robinson,11077717,OF,2700,TB@NYY 08/15/2018 07:05PM ET,NYY,3
2B,Micah Johnson (11077732),Micah Johnson,11077732,2B,2700,TB@NYY 08/15/2018 07:05PM ET,TB,0
2B/3B,Christian Arroyo (11077735),Christian Arroyo,11077735,2B/3B,2700,TB@NYY 08/15/2018 07:05PM ET,TB,4.6
SS,Thairo Estrada (11077739),Thairo Estrada,11077739,SS,2700,TB@NYY 08/15/2018 07:05PM ET,NYY,0
C,Chris Stewart (11077740),Chris Stewart,11077740,C,2600,MIA@ATL 08/15/2018 07:35PM ET,ATL,4.6
3B/SS,Yadiel Rivera (11077761),Yadiel Rivera,11077761,3B/SS,2600,MIA@ATL 08/15/2018 07:35PM ET,MIA,1.77
C,Chad Wallach (11077765),Chad Wallach,11077765,C,2600,MIA@ATL 08/15/2018 07:35PM ET,MIA,2.67
SS,Tyler Smith (11077770),Tyler Smith,11077770,SS,2600,MIA@ATL 08/15/2018 07:35PM ET,ATL,0
OF,Braxton Lee (11077772),Braxton Lee,11077772,OF,2600,MIA@ATL 08/15/2018 07:35PM ET,MIA,1.88
1B/2B,Pat Valaika (11077768),Pat Valaika,11077768,1B/2B,2600,COL@HOU 08/15/2018 08:10PM ET,COL,2
OF,Colby Rasmus (11077741),Colby Rasmus,11077741,OF,2600,NYM@BAL 08/15/2018 07:05PM ET,BAL,2.61
C,Travis d'Arnaud (11077744),Travis d'Arnaud,11077744,C,2600,NYM@BAL 08/15/2018 07:05PM ET,NYM,6.5
OF,Ty Kelly (11077752),Ty Kelly,11077752,OF,2600,NYM@BAL 08/15/2018 07:05PM ET,NYM,0.78
C,Drew Butera (11077742),Drew Butera,11077742,C,2600,TOR@KC 08/15/2018 08:15PM ET,KC,3.78
OF,Paulo Orlando (11077743),Paulo Orlando,11077743,OF,2600,TOR@KC 08/15/2018 08:15PM ET,KC,3.16
OF,Abraham Almonte (11077747),Abraham Almonte,11077747,OF,2600,TOR@KC 08/15/2018 08:15PM ET,KC,3.86
2B/SS,Danny Espinosa (11077748),Danny Espinosa,11077748,2B/SS,2600,TOR@KC 08/15/2018 08:15PM ET,TOR,0
3B/OF,Cody Asche (11077756),Cody Asche,11077756,3B/OF,2600,TOR@KC 08/15/2018 08:15PM ET,KC,0
1B/3B,Cheslor Cuthbert (11077763),Cheslor Cuthbert,11077763,1B/3B,2600,TOR@KC 08/15/2018 08:15PM ET,KC,4.9
OF,Tyler Collins (11077766),Tyler Collins,11077766,OF,2600,TOR@KC 08/15/2018 08:15PM ET,KC,0
OF,Matt Szczur (11077745),Matt Szczur,11077745,OF,2600,LAA@SD 08/15/2018 09:10PM ET,SD,2.1
3B/SS,Dusty Coleman (11077750),Dusty Coleman,11077750,3B/SS,2600,LAA@SD 08/15/2018 09:10PM ET,SD,0
OF,Jarrett Parker (11077755),Jarrett Parker,11077755,OF,2600,SF@LAD 08/15/2018 10:10PM ET,SF,0
OF,Andrew Toles (11077760),Andrew Toles,11077760,OF,2600,SF@LAD 08/15/2018 10:10PM ET,LAD,5.71
SS,Corey Seager (11077767),Corey Seager,11077767,SS,2600,SF@LAD 08/15/2018 10:10PM ET,LAD,7.23
C,Jesus Sucre (11077746),Jesus Sucre,11077746,C,2600,TB@NYY 08/15/2018 07:05PM ET,TB,3.04
3B/SS,Gio Urshela (11077753),Gio Urshela,11077753,3B/SS,2600,TB@NYY 08/15/2018 07:05PM ET,NYY,3.42
2B/3B,Marco Hernandez (11077758),Marco Hernandez,11077758,2B/3B,2600,BOS@PHI 08/15/2018 07:05PM ET,BOS,0
OF,Rusney Castillo (11077771),Rusney Castillo,11077771,OF,2600,BOS@PHI 08/15/2018 07:05PM ET,BOS,0
OF,JB Shuck (11077778),JB Shuck,11077778,OF,2500,MIA@ATL 08/15/2018 07:35PM ET,MIA,2.09
C,Tony Cruz (11077775),Tony Cruz,11077775,C,2500,CLE@CIN 08/15/2018 07:10PM ET,CIN,3.22
2B/3B,Alex Blandino (11077787),Alex Blandino,11077787,2B/3B,2500,CLE@CIN 08/15/2018 07:10PM ET,CIN,2.65
2B,Daniel Castro (11077784),Daniel Castro,11077784,2B,2500,COL@HOU 08/15/2018 08:10PM ET,COL,2.83
3B,Colton Welker (11077792),Colton Welker,11077792,3B,2500,COL@HOU 08/15/2018 08:10PM ET,COL,0
OF,Andrew Stevenson (11077790),Andrew Stevenson,11077790,OF,2500,WAS@STL 08/15/2018 08:15PM ET,WAS,3.2
1B,Corban Joseph (11077777),Corban Joseph,11077777,1B,2500,NYM@BAL 08/15/2018 07:05PM ET,BAL,1.75
C,Andrew Susac (11077780),Andrew Susac,11077780,C,2500,NYM@BAL 08/15/2018 07:05PM ET,BAL,1.44
C,Chance Sisco (11077789),Chance Sisco,11077789,C,2500,NYM@BAL 08/15/2018 07:05PM ET,BAL,4
OF,Michael Saunders (11077774),Michael Saunders,11077774,OF,2500,TOR@KC 08/15/2018 08:15PM ET,TOR,0
2B/3B,Ramon Torres (11077782),Ramon Torres,11077782,2B/3B,2500,TOR@KC 08/15/2018 08:15PM ET,KC,3.22
C,Rene Rivera (11077773),Rene Rivera,11077773,C,2500,LAA@SD 08/15/2018 09:10PM ET,LAA,5.14
OF,Rymer Liriano (11077781),Rymer Liriano,11077781,OF,2500,LAA@SD 08/15/2018 09:10PM ET,LAA,0
OF,Jahmai Jones (11077791),Jahmai Jones,11077791,OF,2500,LAA@SD 08/15/2018 09:10PM ET,LAA,0
OF,Danny Ortiz (11077776),Danny Ortiz,11077776,OF,2500,BOS@PHI 08/15/2018 07:05PM ET,PHI,0
C,Mike Ohlman (11077779),Mike Ohlman,11077779,C,2500,BOS@PHI 08/15/2018 07:05PM ET,BOS,0
1B/OF,Sam Travis (11077785),Sam Travis,11077785,1B/OF,2500,BOS@PHI 08/15/2018 07:05PM ET,BOS,4.6
C,Stuart Turner (11077814),Stuart Turner,11077814,C,2400,CLE@CIN 08/15/2018 07:10PM ET,CIN,0
3B/SS,Ruben Tejada (11077801),Ruben Tejada,11077801,3B/SS,2400,NYM@BAL 08/15/2018 07:05PM ET,BAL,0
C,Tomas Nido (11077812),Tomas Nido,11077812,C,2400,NYM@BAL 08/15/2018 07:05PM ET,NYM,2.05
OF,Anthony Santander (11077813),Anthony Santander,11077813,OF,2400,NYM@BAL 08/15/2018 07:05PM ET,BAL,3.91
OF,Dariel Alvarez (11077815),Dariel Alvarez,11077815,OF,2400,NYM@BAL 08/15/2018 07:05PM ET,BAL,0
2B/SS,Gift Ngoepe (11077804),Gift Ngoepe,11077804,2B/SS,2400,TOR@KC 08/15/2018 08:15PM ET,TOR,0.69
OF,Seuly Matias (11077818),Seuly Matias,11077818,OF,2400,TOR@KC 08/15/2018 08:15PM ET,KC,0
OF,Chris Young (11077795),Chris Young,11077795,OF,2400,LAA@SD 08/15/2018 09:10PM ET,LAA,3.64
1B/3B,Chase Headley (11077797),Chase Headley,11077797,1B/3B,2400,LAA@SD 08/15/2018 09:10PM ET,SD,1.78
C,Raffy Lopez (11077810),Raffy Lopez,11077810,C,2400,LAA@SD 08/15/2018 09:10PM ET,SD,4.27
SS,Nolan Fontana (11077811),Nolan Fontana,11077811,SS,2400,LAA@SD 08/15/2018 09:10PM ET,LAA,2
1B/OF,Michael Morse (11077793),Michael Morse,11077793,1B/OF,2400,SF@LAD 08/15/2018 10:10PM ET,SF,0
OF,Peter Bourjos (11077799),Peter Bourjos,11077799,OF,2400,SF@LAD 08/15/2018 10:10PM ET,SF,1.81
C,Hector Sanchez (11077803),Hector Sanchez,11077803,C,2400,SF@LAD 08/15/2018 10:10PM ET,SF,0
2B/3B,Josh Rutledge (11077808),Josh Rutledge,11077808,2B/3B,2400,SF@LAD 08/15/2018 10:10PM ET,SF,0
SS,Orlando Calixte (11077816),Orlando Calixte,11077816,SS,2400,SF@LAD 08/15/2018 10:10PM ET,SF,0
3B,Brandon Snyder (11077796),Brandon Snyder,11077796,3B,2400,TB@NYY 08/15/2018 07:05PM ET,TB,2.5
SS,Pedro Florimon (11077800),Pedro Florimon,11077800,SS,2400,BOS@PHI 08/15/2018 07:05PM ET,PHI,3.67
3B/OF,Steve Selsky (11077806),Steve Selsky,11077806,3B/OF,2400,BOS@PHI 08/15/2018 07:05PM ET,BOS,0
3B,Michael Chavis (11077817),Michael Chavis,11077817,3B,2400,BOS@PHI 08/15/2018 07:05PM ET,BOS,0
2B/SS,Christian Colon (11077823),Christian Colon,11077823,2B/SS,2300,MIA@ATL 08/15/2018 07:35PM ET,ATL,0
OF,Ezequiel Carrera (11077825),Ezequiel Carrera,11077825,OF,2300,MIA@ATL 08/15/2018 07:35PM ET,ATL,0
2B/SS,Cristhian Adames (11077827),Cristhian Adames,11077827,2B/SS,2300,MIA@ATL 08/15/2018 07:35PM ET,MIA,0
3B,Phil Gosselin (11077829),Phil Gosselin,11077829,3B,2300,MIA@ATL 08/15/2018 07:35PM ET,ATL,1.9
2B/OF,Michael Martinez (11077820),Michael Martinez,11077820,2B/OF,2300,CLE@CIN 08/15/2018 07:10PM ET,CLE,0
3B,Nolan Jones (11077838),Nolan Jones,11077838,3B,2300,CLE@CIN 08/15/2018 07:10PM ET,CLE,0
OF,Yordan Alvarez (11077840),Yordan Alvarez,11077840,OF,2300,COL@HOU 08/15/2018 08:10PM ET,HOU,0
OF,Alejandro De Aza (11077819),Alejandro De Aza,11077819,OF,2300,WAS@STL 08/15/2018 08:15PM ET,WAS,0
C,Steven Baron (11077826),Steven Baron,11077826,C,2300,WAS@STL 08/15/2018 08:15PM ET,STL,1.5
C,Pedro Severino (11077830),Pedro Severino,11077830,C,2300,WAS@STL 08/15/2018 08:15PM ET,WAS,3.62
OF,Rafael Bautista (11077832),Rafael Bautista,11077832,OF,2300,WAS@STL 08/15/2018 08:15PM ET,WAS,0.22
SS,Alex Mejia (11077834),Alex Mejia,11077834,SS,2300,WAS@STL 08/15/2018 08:15PM ET,STL,0
OF,Juan Lagares (11077822),Juan Lagares,11077822,OF,2300,NYM@BAL 08/15/2018 07:05PM ET,NYM,4
OF,Kevin Kaczmarski (11077837),Kevin Kaczmarski,11077837,OF,2300,NYM@BAL 08/15/2018 07:05PM ET,NYM,0.5
SS,Allen Cordoba (11077835),Allen Cordoba,11077835,SS,2300,LAA@SD 08/15/2018 09:10PM ET,SD,0
OF,Brandon Marsh (11077839),Brandon Marsh,11077839,OF,2300,LAA@SD 08/15/2018 09:10PM ET,LAA,0
3B,Wander Franco (11077833),Wander Franco,11077833,3B,2300,SF@LAD 08/15/2018 10:10PM ET,SF,0
OF,Rob Refsnyder (11077831),Rob Refsnyder,11077831,OF,2300,TB@NYY 08/15/2018 07:05PM ET,TB,3.2
OF,Jesus Sanchez (11077836),Jesus Sanchez,11077836,OF,2300,TB@NYY 08/15/2018 07:05PM ET,TB,0
1B/OF,Scott Van Slyke (11077844),Scott Van Slyke,11077844,1B/OF,2200,MIA@ATL 08/15/2018 07:35PM ET,MIA,0
2B/SS,Grant Green (11077846),Grant Green,11077846,2B/SS,2200,MIA@ATL 08/15/2018 07:35PM ET,MIA,0
1B,Mike Napoli (11077841),Mike Napoli,11077841,1B,2200,CLE@CIN 08/15/2018 07:10PM ET,CLE,0
OF,Moises Sierra (11077849),Moises Sierra,11077849,OF,2200,WAS@STL 08/15/2018 08:15PM ET,WAS,2.22
3B,Adrian Sanchez (11077852),Adrian Sanchez,11077852,3B,2200,WAS@STL 08/15/2018 08:15PM ET,WAS,1.33
C,Carson Kelly (11077857),Carson Kelly,11077857,C,2200,WAS@STL 08/15/2018 08:15PM ET,STL,1.17
2B/3B,Steve Wilkerson (11077854),Steve Wilkerson,11077854,2B/3B,2200,NYM@BAL 08/15/2018 07:05PM ET,BAL,4.14
2B,Luis Sardinas (11077856),Luis Sardinas,11077856,2B,2200,NYM@BAL 08/15/2018 07:05PM ET,BAL,2.88
SS,Andres Gimenez (11077861),Andres Gimenez,11077861,SS,2200,NYM@BAL 08/15/2018 07:05PM ET,NYM,0
OF,Khalil Lee (11077862),Khalil Lee,11077862,OF,2200,TOR@KC 08/15/2018 08:15PM ET,KC,0
1B,Nick Pratto (11077865),Nick Pratto,11077865,1B,2200,TOR@KC 08/15/2018 08:15PM ET,KC,0
OF,Shane Peterson (11077850),Shane Peterson,11077850,OF,2200,LAA@SD 08/15/2018 09:10PM ET,SD,0
C,Luis Torrens (11077858),Luis Torrens,11077858,C,2200,LAA@SD 08/15/2018 09:10PM ET,SD,0
SS,Kevin Maitan (11077863),Kevin Maitan,11077863,SS,2200,LAA@SD 08/15/2018 09:10PM ET,LAA,0
OF,Jo Adell (11077864),Jo Adell,11077864,OF,2200,LAA@SD 08/15/2018 09:10PM ET,LAA,0
C,Rocky Gale (11077853),Rocky Gale,11077853,C,2200,SF@LAD 08/15/2018 10:10PM ET,LAD,0
1B,Brendan McKay (11077859),Brendan McKay,11077859,1B,2200,TB@NYY 08/15/2018 07:05PM ET,TB,0
OF,Garrett Whitley (11077860),Garrett Whitley,11077860,OF,2200,TB@NYY 08/15/2018 07:05PM ET,TB,0
2B/3B,Adam Rosales (11077842),Adam Rosales,11077842,2B/3B,2200,BOS@PHI 08/15/2018 07:05PM ET,PHI,0
3B,Will Middlebrooks (11077848),Will Middlebrooks,11077848,3B,2200,BOS@PHI 08/15/2018 07:05PM ET,PHI,0
2B,Ryan Goins (11077851),Ryan Goins,11077851,2B,2200,BOS@PHI 08/15/2018 07:05PM ET,PHI,3.39
3B/OF,Patrick Kivlehan (11077875),Patrick Kivlehan,11077875,3B/OF,2100,CLE@CIN 08/15/2018 07:10PM ET,CIN,0
OF,Ryan Raburn (11077866),Ryan Raburn,11077866,OF,2100,WAS@STL 08/15/2018 08:15PM ET,WAS,0
C,Miguel Montero (11077867),Miguel Montero,11077867,C,2100,WAS@STL 08/15/2018 08:15PM ET,WAS,1
2B,Howie Kendrick (11077870),Howie Kendrick,11077870,2B,2100,WAS@STL 08/15/2018 08:15PM ET,WAS,6.78
C,Jhonatan Solano (11077873),Jhonatan Solano,11077873,C,2100,WAS@STL 08/15/2018 08:15PM ET,WAS,0
SS,Delvin Perez (11077880),Delvin Perez,11077880,SS,2100,WAS@STL 08/15/2018 08:15PM ET,STL,0
SS,Carter Kieboom (11077881),Carter Kieboom,11077881,SS,2100,WAS@STL 08/15/2018 08:15PM ET,WAS,0
C,Jose Lobaton (11077871),Jose Lobaton,11077871,C,2100,NYM@BAL 08/15/2018 07:05PM ET,NYM,2.95
C,Cam Gallagher (11077874),Cam Gallagher,11077874,C,2100,TOR@KC 08/15/2018 08:15PM ET,KC,3.62
SS,Logan Warmoth (11077882),Logan Warmoth,11077882,SS,2100,TOR@KC 08/15/2018 08:15PM ET,TOR,0
1B,Chris Carter (11077872),Chris Carter,11077872,1B,2100,LAA@SD 08/15/2018 09:10PM ET,LAA,0
2B/SS,Andres Blanco (11077868),Andres Blanco,11077868,2B/SS,2100,SF@LAD 08/15/2018 10:10PM ET,SF,0
C,Keibert Ruiz (11077877),Keibert Ruiz,11077877,C,2100,SF@LAD 08/15/2018 10:10PM ET,LAD,0
OF,Adam Haseley (11077878),Adam Haseley,11077878,OF,2100,BOS@PHI 08/15/2018 07:05PM ET,PHI,0
OF,Mickey Moniak (11077879),Mickey Moniak,11077879,OF,2100,BOS@PHI 08/15/2018 07:05PM ET,PHI,0
2B,Engelb Vielma (11077883),Engelb Vielma,11077883,2B,2000,NYM@BAL 08/15/2018 07:05PM ET,BAL,1.17
OF,Heliot Ramos (11077884),Heliot Ramos,11077884,OF,2000,SF@LAD 08/15/2018 10:10PM ET,SF,0
